{
  "parent": "skyblock:farmer/root",
    "display":
    {
	"icon": {"item": "minecraft:bee_nest"},
	"title": {"translate": "Honey Honey!"},
	"description": {"translate": "Use a campfire to collect honey without angering the bees."}
  },
  "criteria":
  {
      "safely_harvest_honey":
      {
	  "trigger": "minecraft:item_used_on_block",
	  "conditions":{"block": {"tag": "minecraft:beehives"},"item": {"item": "minecraft:glass_bottle"}}
      }
  },
  "requirements": [["safely_harvest_honey"]]
}
