{
    "display":
    {
        "icon": {"item": "minecraft:wheat_seeds"},
        "title": {"translate":"A Seedy Place"},
        "description": {"translate":"Plant a seed and watch it grow."}
    },
    "parent": "skyblock:farmer/root",
    "criteria":
    {
        "wheat":
        {
            "trigger": "minecraft:placed_block",
            "conditions": {"block": "minecraft:wheat"}
        },
        "pumpkin_stem":
        {
            "trigger": "minecraft:placed_block",
            "conditions": {"block": "minecraft:pumpkin_stem"}
        },
        "melon_stem":
        {
            "trigger": "minecraft:placed_block",
            "conditions": {"block": "minecraft:melon_stem"}
        },
        "beetroots":
        {
            "trigger": "minecraft:placed_block",
            "conditions": {"block": "minecraft:beetroots"}
        },
        "nether_wart":
        {
            "trigger": "minecraft:placed_block",
            "conditions": {"block": "minecraft:nether_wart"}
        }
    },
    "requirements": [["wheat","pumpkin_stem","melon_stem","beetroots","nether_wart"]]
}
