{
	"display": {
		"icon": {
			"item": "minecraft:leather_chestplate"
		},
		"title": {
			"translate": "Suit Up"
		},
		"description": {
			"translate": "Make a full set of leather armor."
		}
	},
	"parent": "skyblock:farmer/animal_friends",
	"criteria": {
		"leather_helmet": {
			"trigger": "minecraft:inventory_changed",
			"conditions": {
				"items": [{
					"item": "minecraft:leather_helmet",
					"count": 1
				}]
			}
		},
		"leather_chestplate": {
			"trigger": "minecraft:inventory_changed",
			"conditions": {
				"items": [{
					"item": "minecraft:leather_chestplate",
					"count": 1
				}]
			}
		},
		"leather_leggings": {
			"trigger": "minecraft:inventory_changed",
			"conditions": {
				"items": [{
					"item": "minecraft:leather_leggings",
					"count": 1
				}]
			}
		},
		"leather_boots": {
			"trigger": "minecraft:inventory_changed",
			"conditions": {
				"items": [{
					"item": "minecraft:leather_boots",
					"count": 1
				}]
			}
		}
	}
}