{
    "display":
    {
        "icon": {"item": "minecraft:oak_log"},
        "title": {"translate": "Log Collector"},
        "description": {"translate": "Obtain 64 logs of every type."}
    },
    "parent": "skyblock:collector/03cobblestone",
    "criteria":
    {
        "log0":
        {
            "trigger": "minecraft:inventory_changed",
            "conditions" : {"items": [{"item": "minecraft:oak_log","count": 64}]}
        },
        "log1":
        {
            "trigger": "minecraft:inventory_changed",
            "conditions" : {"items": [{"item": "minecraft:spruce_log","count": 64}]}
        },
        "log2":
        {
            "trigger": "minecraft:inventory_changed",
            "conditions" : {"items": [{"item": "minecraft:birch_log","count": 64}]}
        },
        "log3":
        {
            "trigger": "minecraft:inventory_changed",
            "conditions" : {"items": [{"item": "minecraft:jungle_log","count": 64}]}
        },
        "log4":
        {
            "trigger": "minecraft:inventory_changed",
            "conditions" : {"items": [{"item": "minecraft:acacia_log","count": 64}]}
        },
        "log5":
        {
            "trigger": "minecraft:inventory_changed",
            "conditions" : {"items": [{"item": "minecraft:dark_oak_log","count": 64}]}
        }
    }
}
