{
    "display":
    {
        "icon": {"item": "minecraft:purple_dye"},
        "title": {"translate": "I Have Every Color!"},
        "description": {"translate": "Make every color of dye possible."}
    },
    "parent": "skyblock:collector/root",
    "criteria":
    {
        "dye0":
        {
	    "trigger": "minecraft:inventory_changed",
	    "conditions" : {"items": [{"item": "minecraft:white_dye"}]}
        },
        "dye1":
        {
            "trigger": "minecraft:inventory_changed",
            "conditions" : {"items": [{"item": "minecraft:light_gray_dye"}]}
        },
        "dye2":
        {
            "trigger": "minecraft:inventory_changed",
            "conditions" : {"items": [{"item": "minecraft:gray_dye"}]}
        },
	"dye3":
        {
            "trigger": "minecraft:inventory_changed",
            "conditions" : {"items": [{"item": "minecraft:black_dye"}]}
        },
	"dye4":
        {
            "trigger": "minecraft:inventory_changed",
            "conditions" : {"items": [{"item": "minecraft:brown_dye"}]}
        },
	"dye5":
        {
            "trigger": "minecraft:inventory_changed",
            "conditions" : {"items": [{"item": "minecraft:red_dye"}]}
        },
	"dye6":
        {
            "trigger": "minecraft:inventory_changed",
            "conditions" : {"items": [{"item": "minecraft:orange_dye"}]}
        },
	"dye7":
        {
            "trigger": "minecraft:inventory_changed",
            "conditions" : {"items": [{"item": "minecraft:yellow_dye"}]}
        },
	"dye8":
        {
            "trigger": "minecraft:inventory_changed",
            "conditions" : {"items": [{"item": "minecraft:lime_dye"}]}
        },
	"dye9":
        {
            "trigger": "minecraft:inventory_changed",
            "conditions" : {"items": [{"item": "minecraft:green_dye"}]}
        },
	"dye10":
        {
            "trigger": "minecraft:inventory_changed",
            "conditions" : {"items": [{"item": "minecraft:cyan_dye"}]}
        },
	"dye11":
        {
            "trigger": "minecraft:inventory_changed",
            "conditions" : {"items": [{"item": "minecraft:light_blue_dye"}]}
        },
	"dye12":
        {
            "trigger": "minecraft:inventory_changed",
            "conditions" : {"items": [{"item": "minecraft:blue_dye"}]}
        },
	"dye13":
        {
            "trigger": "minecraft:inventory_changed",
            "conditions" : {"items": [{"item": "minecraft:purple_dye"}]}
        },
	"dye14":
        {
            "trigger": "minecraft:inventory_changed",
            "conditions" : {"items": [{"item": "minecraft:magenta_dye"}]}
        },
	"dye15":
        {
            "trigger": "minecraft:inventory_changed",
            "conditions" : {"items": [{"item": "minecraft:pink_dye"}]}
        }
    }
}
