{
"display":
    {
        "icon": {"item": "minecraft:cyan_concrete"},
        "title": {"translate": "Taste the Rainbow"},
        "description": {"translate": "Make every color of wool, concrete, and terracotta."},
	"frame": "challenge"
    },
    "parent": "skyblock:collector/dye",
    "criteria":
    {
        "wool0":
        {
	    "trigger": "minecraft:inventory_changed",
	    "conditions" : {"items": [{"item": "minecraft:white_wool"}]}
        },
        "wool1":
        {
            "trigger": "minecraft:inventory_changed",
            "conditions" : {"items": [{"item": "minecraft:orange_wool"}]}
        },
        "wool2":
        {
            "trigger": "minecraft:inventory_changed",
            "conditions" : {"items": [{"item": "minecraft:magenta_wool"}]}
        },
	    "wool3":
        {
            "trigger": "minecraft:inventory_changed",
            "conditions" : {"items": [{"item": "minecraft:light_blue_wool"}]}
        },
	    "wool4":
        {
            "trigger": "minecraft:inventory_changed",
            "conditions" : {"items": [{"item": "minecraft:yellow_wool"}]}
        },
	    "wool5":
        {
            "trigger": "minecraft:inventory_changed",
            "conditions" : {"items": [{"item": "minecraft:lime_wool"}]}
        },
	    "wool6":
        {
            "trigger": "minecraft:inventory_changed",
            "conditions" : {"items": [{"item": "minecraft:pink_wool"}]}
        },
	    "wool7":
        {
            "trigger": "minecraft:inventory_changed",
            "conditions" : {"items": [{"item": "minecraft:gray_wool"}]}
        },
	    "wool8":
        {
            "trigger": "minecraft:inventory_changed",
            "conditions" : {"items": [{"item": "minecraft:light_gray_wool"}]}
        },
	    "wool9":
        {
            "trigger": "minecraft:inventory_changed",
            "conditions" : {"items": [{"item": "minecraft:cyan_wool"}]}
        },
	    "wool10":
        {
            "trigger": "minecraft:inventory_changed",
            "conditions" : {"items": [{"item": "minecraft:purple_wool"}]}
        },
	    "wool11":
        {
            "trigger": "minecraft:inventory_changed",
            "conditions" : {"items": [{"item": "minecraft:blue_wool"}]}
        },
	    "wool12":
        {
            "trigger": "minecraft:inventory_changed",
            "conditions" : {"items": [{"item": "minecraft:brown_wool"}]}
        },
	    "wool13":
        {
            "trigger": "minecraft:inventory_changed",
            "conditions" : {"items": [{"item": "minecraft:green_wool"}]}
        },
	    "wool14":
        {
            "trigger": "minecraft:inventory_changed",
            "conditions" : {"items": [{"item": "minecraft:red_wool"}]}
        },
	    "wool15":
        {
            "trigger": "minecraft:inventory_changed",
            "conditions" : {"items": [{"item": "minecraft:black_wool"}]}
        },
	"terracotta0":
        {
	    "trigger": "minecraft:inventory_changed",
	    "conditions" : {"items": [{"item": "minecraft:white_terracotta"}]}
        },
        "terracotta1":
        {
            "trigger": "minecraft:inventory_changed",
            "conditions" : {"items": [{"item": "minecraft:orange_terracotta"}]}
        },
        "terracotta2":
        {
            "trigger": "minecraft:inventory_changed",
            "conditions" : {"items": [{"item": "minecraft:magenta_terracotta"}]}
        },
	    "terracotta3":
        {
            "trigger": "minecraft:inventory_changed",
            "conditions" : {"items": [{"item": "minecraft:light_blue_terracotta"}]}
        },
	    "terracotta4":
        {
            "trigger": "minecraft:inventory_changed",
            "conditions" : {"items": [{"item": "minecraft:yellow_terracotta"}]}
        },
	    "terracotta5":
        {
            "trigger": "minecraft:inventory_changed",
            "conditions" : {"items": [{"item": "minecraft:lime_terracotta"}]}
        },
	    "terracotta6":
        {
            "trigger": "minecraft:inventory_changed",
            "conditions" : {"items": [{"item": "minecraft:pink_terracotta"}]}
        },
	    "terracotta7":
        {
            "trigger": "minecraft:inventory_changed",
            "conditions" : {"items": [{"item": "minecraft:gray_terracotta"}]}
        },
	    "terracotta8":
        {
            "trigger": "minecraft:inventory_changed",
            "conditions" : {"items": [{"item": "minecraft:light_gray_terracotta"}]}
        },
	    "terracotta9":
        {
            "trigger": "minecraft:inventory_changed",
            "conditions" : {"items": [{"item": "minecraft:cyan_terracotta"}]}
        },
	    "terracotta10":
        {
            "trigger": "minecraft:inventory_changed",
            "conditions" : {"items": [{"item": "minecraft:purple_terracotta"}]}
        },
	    "terracotta11":
        {
            "trigger": "minecraft:inventory_changed",
            "conditions" : {"items": [{"item": "minecraft:blue_terracotta"}]}
        },
	    "terracotta12":
        {
            "trigger": "minecraft:inventory_changed",
            "conditions" : {"items": [{"item": "minecraft:brown_terracotta"}]}
        },
	    "terracotta13":
        {
            "trigger": "minecraft:inventory_changed",
            "conditions" : {"items": [{"item": "minecraft:green_terracotta"}]}
        },
	    "terracotta14":
        {
            "trigger": "minecraft:inventory_changed",
            "conditions" : {"items": [{"item": "minecraft:red_terracotta"}]}
        },
	    "terracotta15":
        {
            "trigger": "minecraft:inventory_changed",
            "conditions" : {"items": [{"item": "minecraft:black_terracotta"}]}
        },
        "concrete0":
        {
	    "trigger": "minecraft:inventory_changed",
	    "conditions" : {"items": [{"item": "minecraft:white_concrete"}]}
        },
        "concrete1":
        {
            "trigger": "minecraft:inventory_changed",
            "conditions" : {"items": [{"item": "minecraft:orange_concrete"}]}
        },
        "concrete2":
        {
            "trigger": "minecraft:inventory_changed",
            "conditions" : {"items": [{"item": "minecraft:magenta_concrete"}]}
        },
	"concrete3":
        {
            "trigger": "minecraft:inventory_changed",
            "conditions" : {"items": [{"item": "minecraft:light_blue_concrete"}]}
        },
	"concrete4":
        {
            "trigger": "minecraft:inventory_changed",
            "conditions" : {"items": [{"item": "minecraft:yellow_concrete"}]}
        },
	"concrete5":
        {
            "trigger": "minecraft:inventory_changed",
            "conditions" : {"items": [{"item": "minecraft:lime_concrete"}]}
        },
	"concrete6":
        {
            "trigger": "minecraft:inventory_changed",
            "conditions" : {"items": [{"item": "minecraft:pink_concrete"}]}
        },
	"concrete7":
        {
            "trigger": "minecraft:inventory_changed",
            "conditions" : {"items": [{"item": "minecraft:gray_concrete"}]}
        },
	"concrete8":
        {
            "trigger": "minecraft:inventory_changed",
            "conditions" : {"items": [{"item": "minecraft:light_gray_concrete"}]}
        },
	"concrete9":
        {
            "trigger": "minecraft:inventory_changed",
            "conditions" : {"items": [{"item": "minecraft:cyan_concrete"}]}
        },
	"concrete10":
        {
            "trigger": "minecraft:inventory_changed",
            "conditions" : {"items": [{"item": "minecraft:purple_concrete"}]}
        },
	"concrete11":
        {
            "trigger": "minecraft:inventory_changed",
            "conditions" : {"items": [{"item": "minecraft:blue_concrete"}]}
        },
	"concrete12":
        {
            "trigger": "minecraft:inventory_changed",
            "conditions" : {"items": [{"item": "minecraft:brown_concrete"}]}
        },
	"concrete13":
        {
            "trigger": "minecraft:inventory_changed",
            "conditions" : {"items": [{"item": "minecraft:green_concrete"}]}
        },
	"concrete14":
        {
            "trigger": "minecraft:inventory_changed",
            "conditions" : {"items": [{"item": "minecraft:red_concrete"}]}
        },
	"concrete15":
        {
            "trigger": "minecraft:inventory_changed",
            "conditions" : {"items": [{"item": "minecraft:black_concrete"}]}
        }
		
    }
}
