{
    "display":
    {
        "icon": {"item": "minecraft:milk_bucket"},
        "title": {"translate": "A Furious Cocktail"},
        "description": {"translate": "Have every potion effect applied at the same time."},
        "frame": "challenge"
    },
    "parent": "skyblock:nether/brew_potion",
    "criteria":
    {
        "all_effects":
        {
            "trigger": "minecraft:effects_changed",
            "conditions":
            {
                "effects":
                {
                    "minecraft:speed": {},
                    "minecraft:slowness": {},
                    "minecraft:strength": {},
                    "minecraft:jump_boost": {},
                    "minecraft:regeneration": {},
                    "minecraft:fire_resistance": {},
                    "minecraft:water_breathing": {},
                    "minecraft:invisibility": {},
                    "minecraft:night_vision": {},
                    "minecraft:weakness": {},
                    "minecraft:poison": {}
                }
            }
        }
    }
}
