{
  "parent": "skyblock:nether/kill_wither",
  "display": {
    "icon": {
      "item": "minecraft:ancient_debris"
    },
    "title": {
      "translate": "Goodbye Wither Hello Debris"
    },
    "description": {
      "translate": "Kill the Wither to obtain Ancient Debris"
    },
    "frame": "task",
    "show_toast": true,
    "announce_to_chat": true,
    "hidden": false
  },
  "criteria": {
    "ancient_debris": {
      "trigger": "minecraft:inventory_changed",
      "conditions": {
        "items": [
          {
            "item": "minecraft:ancient_debris"
          }
        ]
      }
    }
  },
  "requirements": [
    [
      "ancient_debris"
    ]
  ]
}
