{
    "display":
    {
        "icon": {"item": "minecraft:fire_charge"},
        "title": {"translate": "Return to Sender"},
        "description": {"translate": "Destroy a Ghast using its own fireball."},
        "frame": "challenge"
    },
    "parent": "skyblock:nether/gold",
    "criteria":
    {
        "killed_ghast":
        {
            "trigger": "minecraft:player_killed_entity",
            "conditions":
            {
                "entity": {"type": "minecraft:ghast"},
                "killing_blow": {"is_projectile": true,"direct_entity": {"type": "minecraft:fireball"}}
            }
        }
    }
}
