{
    "display":
    {
        "icon": {"item": "minecraft:ghast_tear"},
        "title": {"translate": "Uneasy Alliance"},
        "description": {"translate": "Bring a Ghast to the Overworld... and then kill it."},
        "frame": "challenge"
    },
    "parent": "skyblock:nether/return_to_sender",
    "criteria":
    {
        "killed_ghast":
        {
            "trigger": "minecraft:player_killed_entity",
            "conditions": {"entity": {"type": "minecraft:ghast","location": {"dimension": "overworld"}}}
        }
    }
}
