{
  "parent": "skyblock:nether/obtain_ancient_debris",
  "display": {
    "icon": {
      "item": "minecraft:lodestone"
    },
    "title": {
      "translate": "Powerfull Magnet?"
    },
    "description": {
      "translate": "advancements.nether.use_lodestone.description"
    },
    "frame": "task",
    "show_toast": true,
    "announce_to_chat": true,
    "hidden": false
  },
  "criteria": {
    "use_lodestone": {
      "trigger": "minecraft:item_used_on_block",
      "conditions": {
        "location": {
          "block": {
            "block": "minecraft:lodestone"
          }
        },
        "item": {
          "item": "minecraft:compass"
        }
      }
    }
  },
  "requirements": [
    [
      "use_lodestone"
    ]
  ]
}
