{
    "display":
    {
        "icon": {"item": "minecraft:wet_sponge"},
        "title": {"translate": "Respect Your Elders!"},
        "description": {"translate": "DO NOT KILL THE ELDER GURDIAN."},
        "frame": "challenge"
    },
    "parent": "skyblock:ocean/guardian",
    "criteria":
    {
        "mining":
	{
            "trigger": "minecraft:effects_changed",
            "conditions":
	    {
                "effects": {"minecraft:mining_fatigue": {}}
            }
	}
    }
}
