{
  "display": {
    "icon": {
      "item": "minecraft:seagrass"
    },
    "title": {
      "translate": "Fancy Grass"
    },
    "description": {
      "translate": "Obtain Seagrass by killing a turtle."
    }
  },
  "parent": "skyblock:ocean/turtle_bread",
  "criteria": {
    "Kill a Turtle": {
      "trigger": "minecraft:player_killed_entity",
      "conditions": {
        "entity": {
          "type": "turtle"
        }
      }
    },
    "Seagrass": {
      "trigger": "minecraft:inventory_changed",
      "conditions": {
        "items": [
          {
            "item": "minecraft:seagrass",
            "count": 1
          }
        ]
      }
    }
  }
}