{
    "display":
    {
        "icon": {"item": "minecraft:bone"},
        "title": {"translate": "Fake Cave"},
        "description": {"translate": "Construct a platform that monsters can spawn on."}
    },
    "parent": "skyblock:skyblock/cobblestone_generator",
    "criteria":
    {
        "cave_spider":
        {
            "trigger": "minecraft:player_killed_entity",
            "conditions": {"entity": {"type": "cave_spider"}}
        },
        "spider":
        {
            "trigger": "minecraft:player_killed_entity",
            "conditions": {"entity": {"type": "spider"}}
        },
        "zombified_piglin":
        {
            "trigger": "minecraft:player_killed_entity",
            "conditions": {"entity": {"type": "zombified_piglin"}}
        },
        "enderman":
        {
            "trigger": "minecraft:player_killed_entity",
            "conditions": {"entity": {"type": "enderman"}}
        },
        "blaze":
        {
            "trigger": "minecraft:player_killed_entity",
            "conditions": {"entity": {"type": "blaze"}}
        },
        "creeper":
        {
              "trigger": "minecraft:player_killed_entity",
              "conditions": {"entity": {"type": "creeper"}}
        },
        "ghast":
        {
            "trigger": "minecraft:player_killed_entity",
            "conditions": {"entity": {"type": "ghast"}}
        },
        "guardian":
        {
            "trigger": "minecraft:player_killed_entity",
            "conditions": {"entity": {"type": "guardian"}}
        },
        "husk":
        {
            "trigger": "minecraft:player_killed_entity",
            "conditions": {"entity": {"type": "husk"}}
        },
        "magma_cube":
        {
            "trigger": "minecraft:player_killed_entity",
            "conditions": {"entity": {"type": "magma_cube"}}
        },
        "silverfish":
        {
            "trigger": "minecraft:player_killed_entity",
            "conditions": {"entity": {"type": "silverfish"}}
        },
        "skeleton":
        {
            "trigger": "minecraft:player_killed_entity",
            "conditions": {"entity": {"type": "skeleton"}}
        },
        "slime":
        {
            "trigger": "minecraft:player_killed_entity",
            "conditions": {"entity": {"type": "slime"}}
        },
        "stray":
        {
            "trigger": "minecraft:player_killed_entity",
            "conditions": {"entity": {"type": "stray"}}
        },
        "witch":
        {
            "trigger": "minecraft:player_killed_entity",
            "conditions": {"entity": {"type": "witch"}}
        },
        "wither_skeleton":
        {
            "trigger": "minecraft:player_killed_entity",
            "conditions": {"entity": {"type": "wither_skeleton"}}
        },
        "zombie":
        {
            "trigger": "minecraft:player_killed_entity",
            "conditions": {"entity": {"type": "zombie"}}
        },
        "zombie_villager":
        {
            "trigger": "minecraft:player_killed_entity",
            "conditions": {"entity": {"type": "zombie_villager"}}
        }
    },
        "requirements": [
        [
            "cave_spider",
            "spider",
            "zombified_piglin",
            "enderman",
            "blaze",
            "creeper",
            "ghast",
            "guardian",
            "husk",
            "magma_cube",
            "silverfish",
            "skeleton",
            "slime",
            "stray",
            "witch",
            "wither_skeleton",
            "zombie",
            "zombie_villager"
        ]]
}
