{
    "display":
    {
        "icon": {"item": "minecraft:oak_sapling"},
        "title": {"translate": "All Trees"},
        "description": {"translate": "Collect every sapling and fungus."},
        "frame": "goal"
    },
    "parent": "skyblock:skyblock/regrowth",
    "criteria":
    {
        "oak":
        {
            "trigger": "minecraft:inventory_changed",
            "conditions" : {"items": [{"item": "minecraft:oak_sapling"}]}
        },
        "acacia":
	{
            "trigger": "minecraft:inventory_changed",
            "conditions" : {"items": [{"item": "minecraft:acacia_sapling"}]}
        },
        "spruce":
        {
            "trigger": "minecraft:inventory_changed",
            "conditions" : {"items": [{"item": "minecraft:spruce_sapling"}]}
        },
	"birch":
        {
            "trigger": "minecraft:inventory_changed",
            "conditions" : {"items": [{"item": "minecraft:birch_sapling"}]}
        },
        "jungle":
        {
            "trigger": "minecraft:inventory_changed",
            "conditions" : {"items": [{"item": "minecraft:jungle_sapling"}]}
        },
	"darkOak":
        {
            "trigger": "minecraft:inventory_changed",
            "conditions" : {"items": [{"item": "minecraft:dark_oak_sapling"}]}
	},
	"crimson":
        {
            "trigger": "minecraft:inventory_changed",
            "conditions" : {"items": [{"item": "minecraft:crimson_fungus"}]}
        },
	"warped":
        {
            "trigger": "minecraft:inventory_changed",
            "conditions" : {"items": [{"item": "minecraft:warped_fungus"}]}
        }
    }
}
