{
  "parent": "skyblock:skyblock/01portal",
  "display": {
    "icon": {
      "item": "minecraft:warped_fungus_on_a_stick",
      "nbt": "{Damage:0}"
    },
    "title": {
      "translate": "Animal Rider"
    },
    "description": {
      "translate": "Use various vegitation on sticks to ride Pigs and Striders."
    },
    "frame": "challenge",
    "show_toast": true,
    "announce_to_chat": true,
    "hidden": false
  },
    "criteria":
    {
    "used_warped_fungus_on_a_stick": {
      "trigger": "minecraft:item_durability_changed",
      "conditions": {
        "player": [
          {
            "condition": "minecraft:entity_properties",
            "predicate": {
              "vehicle": {
                "type": "minecraft:strider"
              }
            },
            "entity": "this"
          }
        ],
        "item": {
          "item": "minecraft:warped_fungus_on_a_stick"
        }
      }
    },
	"used_carrot_on_a_stick": {
      "trigger": "minecraft:item_durability_changed",
      "conditions": {
        "player": [
          {
            "condition": "minecraft:entity_properties",
            "predicate": {
              "vehicle": {
                "type": "minecraft:pig"
              }
            },
            "entity": "this"
          }
        ],
        "item": {
          "item": "minecraft:carrot_on_a_stick"
        }
      }
    }
  }
}
