{
    "display":
    {
        "icon": {"item": "minecraft:cobblestone"},
        "title": {"translate": "Cobblestone Generator"},
        "description": {"translate": "Make a cobblestone generator with water and lava."}},
        "parent": "skyblock:skyblock/root",
        "criteria":
        {
            "cobblestone":
            {
                "trigger": "minecraft:inventory_changed",
                "conditions" : {"items": [{"item": "minecraft:cobblestone"}]}
            }
        }
    }
}
