{
    "display":
    {
        "icon": {"item": "minecraft:carved_pumpkin"},
        "title": {"translate": "The Brotherhood"},
        "description": {"translate": "Create a Snow Golem and an Iron Golem through the construction ritual(and join our cult)."}
    },
    "parent": "skyblock:skyblock/iron",
    "criteria":
    {
        "iron":
        {
            "trigger": "minecraft:summoned_entity",
            "conditions": {"entity": {"type": "minecraft:iron_golem"}}
        },
	"snow":
        {
            "trigger": "minecraft:summoned_entity",
            "conditions": {"entity": {"type": "minecraft:snow_golem"}}
        }
    }
}
