{
    "display":
    {
        "icon": {"item": "minecraft:leather_boots"},
        "title": {"translate":"World Boarder"},
        "description": {"translate":"World Boarder fix by DrTrog"},
        "frame": "task",
	"show_toast": "false",
	"announce_to_chat": "false",
	"hidden": "true"
    },
    "parent": "skyblock:skyblock/root",
    "rewards": { "function": "skyblock:skyblock/world_boarder"},		
    "criteria":
    {
        "outer_pos_x":
	{
            "trigger": "minecraft:location",
            "conditions":
	    {
		"position": {"x": {"min": 1000.0}},
		"dimension":"overworld"
            }
        },
        "outer_pos_z":
	{
            "trigger": "minecraft:location",
            "conditions":
	    {
		"position": {"z": {"min": 1000.0}},
		"dimension":"overworld"
            }
        },
        "outer_neg_x":
	{
            "trigger": "minecraft:location",
            "conditions":
	    {
		"position": {"x": {"max": -1000.0}},
		"dimension":"overworld"
            }
        },
        "outer_neg_z":
	{
            "trigger": "minecraft:location",
            "conditions":
	    {
		"position": {"z": {"max": -1000.0}},
		"dimension":"overworld"
            }
        },

	"outer_pos_x_nether":
	{
            "trigger": "minecraft:location",
            "conditions":
	    {
		"position": {"x": {"min": 1000.0}},
		"dimension":"the_nether"
            }
        },
        "outer_pos_z_nether":
	{
            "trigger": "minecraft:location",
            "conditions":
	    {
		"position": {"z": {"min": 1000.0}},
		"dimension":"the_nether"
            }
        },
        "outer_neg_x_nether":
	{
            "trigger": "minecraft:location",
            "conditions":
	    {
		"position": {"x": {"max": -1000.0}},
		"dimension":"the_nether"
            }
        },
        "outer_neg_z_nether":
	{
            "trigger": "minecraft:location",
            "conditions":
	    {
		"position": {"z": {"max": -1000.0}},
		"dimension":"the_nether"
            }
        }
    },
    "requirements": [["outer_pos_x","outer_pos_z","outer_neg_x","outer_neg_z","outer_pos_x_nether","outer_pos_z_nether","outer_neg_x_nether","outer_neg_z_nether"]]
}
