{"stat.pickup.minecraft.bone":1,"stat.drop.minecraft.wooden_pickaxe":1,"stat.leaveGame":2,"stat.pickup.minecraft.arrow":2,"stat.mineBlock.minecraft.cobblestone":6,"stat.pickup.minecraft.stone_pickaxe":5,"stat.pickup.minecraft.stone_axe":5,"stat.mineBlock.minecraft.sandstone":15,"stat.jump":356,"stat.swimOneCm":5271,"stat.pickup.minecraft.coal":35,"stat.fallOneCm":4839,"stat.useItem.minecraft.planks":9,"stat.useItem.minecraft.stone_axe":75,"stat.crouchOneCm":2992,"stat.craftItem.minecraft.torch":16,"stat.useItem.minecraft.dirt":12,"stat.pickup.minecraft.dirt":37,"stat.useItem.minecraft.stone_slab2":12,"stat.craftingTableInteraction":13,"stat.pickup.minecraft.iron_ore":27,"stat.pickup.minecraft.sand":18,"stat.craftItem.minecraft.furnace":1,"stat.boatOneCm":53125,"stat.entityKilledBy.warriorvillager":2,"stat.craftItem.minecraft.stone_axe":2,"stat.pickup.minecraft.wooden_pickaxe":4,"stat.pickup.minecraft.leather":4,"stat.pickup.minecraft.feather":1,"stat.damageTaken":1975,"stat.craftItem.minecraft.stone_pickaxe":3,"stat.mineBlock.minecraft.torch":1,"stat.useItem.minecraft.wooden_pickaxe":64,"stat.pickup.minecraft.cobblestone":313,"stat.entityKilledBy.piranha":1,"stat.pickup.minecraft.planks":81,"stat.entityKilledBy.ZombieVillager":1,"stat.craftItem.minecraft.stone_sword":1,"stat.flyOneCm":17011,"stat.pickup.minecraft.sandstone":15,"stat.mineBlock.minecraft.sand":15,"stat.useItem.minecraft.stone_pickaxe":206,"stat.useItem.minecraft.stone_sword":28,"stat.damageDealt":2315,"stat.mineBlock.minecraft.iron_ore":17,"stat.timeSinceDeath":11559,"stat.killEntity.Cow":4,"stat.mineBlock.minecraft.dirt":27,"stat.craftItem.minecraft.wooden_pickaxe":2,"stat.pickup.minecraft.boat":1,"stat.walkOneCm":113470,"stat.useItem.minecraft.torch":8,"stat.pickup.minecraft.stick":68,"stat.pickup.minecraft.crafting_table":6,"stat.useItem.minecraft.cobblestone":68,"stat.craftItem.minecraft.crafting_table":6,"stat.furnaceInteraction":1,"stat.killEntity.piranha":1,"stat.mineBlock.minecraft.coal_ore":36,"stat.craftItem.minecraft.boat":2,"stat.pickup.minecraft.log":193,"stat.pickup.minecraft.beef":8,"stat.useItem.duneons.macefix":13,"stat.pickup.minecraft.stone":13,"stat.pickup.minecraft.chicken":2,"stat.pickup.minecraft.sapling":27,"stat.sprintOneCm":14898,"stat.pickup.minecraft.wooden_door":9,"stat.pickup.minecraft.apple":4,"stat.craftItem.minecraft.stick":28,"stat.killEntity.Skeleton":1,"stat.killEntity.wild_dog":1,"stat.craftItem.minecraft.planks":128,"stat.killEntity.Chicken":2,"stat.mineBlock.minecraft.crafting_table":3,"stat.killEntity.Spider":1,"stat.pickup.minecraft.stone_sword":2,"stat.mobKills":11,"stat.pickup.duneons.macefix":2,"stat.mineBlock.minecraft.log":84,"stat.craftItem.minecraft.wooden_door":3,"stat.useItem.minecraft.wooden_door":3,"stat.useItem.minecraft.boat":2,"stat.deaths":7,"stat.entityKilledBy.wild_dog":1,"stat.drop":1,"stat.mineBlock.minecraft.leaves":15,"stat.pickup.minecraft.egg":1,"stat.playOneMinute":106224,"stat.pickup.minecraft.torch":2,"stat.sneakTime":1814,"stat.mineBlock.minecraft.stone":170,"stat.mineBlock.minecraft.tallgrass":1,"stat.diveOneCm":27565,"stat.useItem.minecraft.sandstone":5}