{"stat.pickup.minecraft.bone":6,"stat.leaveGame":2,"stat.mineBlock.minecraft.cobblestone":11,"stat.pickup.minecraft.stone_pickaxe":5,"stat.mineBlock.minecraft.sandstone":15,"stat.killEntity.ghost":1,"stat.swimOneCm":6307,"stat.useItem.minecraft.planks":10,"stat.craftItem.minecraft.shield":1,"stat.pickup.minecraft.porkchop":6,"stat.useItem.minecraft.dirt":12,"stat.useItem.minecraft.cookie":6,"stat.useItem.minecraft.stone_slab2":21,"stat.pickup.minecraft.rotten_flesh":3,"stat.pickup.minecraft.sand":18,"stat.craftItem.minecraft.furnace":1,"stat.entityKilledBy.warriorvillager":2,"stat.craftItem.minecraft.stone_axe":4,"stat.craftItem.minecraft.iron_boots":1,"stat.craftItem.minecraft.stone_pickaxe":4,"stat.pickup.minecraft.cobblestone":498,"stat.craftItem.minecraft.stone_sword":2,"stat.flyOneCm":29184,"stat.pickup.minecraft.sandstone":15,"stat.mineBlock.minecraft.sand":15,"stat.mineBlock.minecraft.iron_ore":90,"stat.timeSinceDeath":26430,"stat.useItem.minecraft.iron_pickaxe":148,"stat.craftItem.minecraft.wooden_pickaxe":2,"stat.pickup.minecraft.mutton":5,"stat.craftItem.minecraft.bed":1,"stat.furnaceInteraction":19,"stat.useItem.minecraft.cooked_porkchop":5,"stat.mineBlock.minecraft.coal_ore":80,"stat.pickup.minecraft.shield":2,"stat.pickup.minecraft.string":2,"stat.pickup.minecraft.beef":8,"stat.entityKilledBy.t_geomancer_pillar_bomb":1,"stat.craftItem.minecraft.stone_slab2":0,"stat.useItem.duneons.macefix":50,"stat.killEntity.rat":1,"stat.sprintOneCm":43110,"stat.pickup.minecraft.iron_chestplate":3,"stat.craftItem.minecraft.stick":60,"stat.mineBlock.minecraft.crafting_table":4,"stat.pickup.duneons.macefix":3,"stat.deaths":9,"stat.entityKilledBy.wild_dog":1,"stat.drop":1,"stat.pickup.minecraft.egg":1,"stat.playOneMinute":140046,"stat.killEntity.Sheep":3,"stat.craftItem.minecraft.iron_pickaxe":1,"stat.killEntity.Zombie":2,"stat.mineBlock.minecraft.tallgrass":2,"stat.diveOneCm":27565,"stat.chestOpened":10,"stat.drop.minecraft.wooden_pickaxe":1,"stat.pickup.minecraft.gravel":5,"stat.pickup.minecraft.arrow":11,"stat.craftItem.minecraft.cooked_porkchop":6,"stat.pickup.minecraft.stone_axe":6,"stat.killEntity.pigchest":2,"stat.jump":650,"stat.pickup.minecraft.coal":79,"stat.fallOneCm":11166,"stat.useItem.minecraft.stone_axe":87,"stat.crouchOneCm":10813,"stat.mineBlock.minecraft.chest":1,"stat.pickup.minecraft.spider_eye":1,"stat.craftItem.minecraft.torch":88,"stat.craftItem.minecraft.iron_ingot":31,"stat.craftItem.minecraft.chest":2,"stat.pickup.minecraft.dirt":61,"stat.craftItem.minecraft.iron_helmet":1,"stat.craftingTableInteraction":31,"stat.pickup.minecraft.iron_ore":98,"stat.boatOneCm":53125,"stat.pickup.minecraft.cookie":6,"stat.pickup.minecraft.wooden_pickaxe":6,"stat.pickup.minecraft.leather":4,"stat.pickup.minecraft.feather":1,"stat.damageTaken":2849,"stat.mineBlock.minecraft.torch":1,"stat.useItem.minecraft.wooden_pickaxe":64,"stat.entityKilledBy.piranha":1,"stat.pickup.minecraft.planks":110,"stat.entityKilledBy.ZombieVillager":1,"stat.pickup.minecraft.bed":2,"stat.mineBlock.minecraft.gravel":5,"stat.useItem.minecraft.stone_pickaxe":284,"stat.useItem.minecraft.stone_sword":61,"stat.craftItem.minecraft.iron_leggings":1,"stat.damageDealt":7295,"stat.sleepInBed":1,"stat.killEntity.Cow":4,"stat.mineBlock.minecraft.dirt":27,"stat.craftItem.minecraft.iron_sword":1,"stat.pickup.minecraft.boat":1,"stat.walkOneCm":205411,"stat.useItem.minecraft.torch":29,"stat.useItem.minecraft.chest":1,"stat.pickup.minecraft.stick":78,"stat.pickup.minecraft.crafting_table":7,"stat.useItem.minecraft.cobblestone":79,"stat.craftItem.minecraft.crafting_table":7,"stat.useItem.minecraft.gravel":3,"stat.killEntity.piranha":1,"stat.craftItem.minecraft.boat":2,"stat.pickup.minecraft.log":231,"stat.pickup.minecraft.stone":31,"stat.craftItem.minecraft.iron_chestplate":1,"stat.pickup.minecraft.chicken":2,"stat.pickup.minecraft.sapling":27,"stat.pickup.minecraft.wooden_door":13,"stat.pickup.minecraft.apple":4,"stat.killEntity.Skeleton":4,"stat.killEntity.wild_dog":1,"stat.craftItem.minecraft.planks":164,"stat.useItem.minecraft.iron_sword":29,"stat.killEntity.t_geomancer_pillar_bomb":33,"stat.killEntity.Chicken":2,"stat.killEntity.Spider":1,"stat.pickup.minecraft.stone_sword":4,"stat.mobKills":57,"stat.mineBlock.minecraft.log":84,"stat.craftItem.minecraft.wooden_door":3,"stat.useItem.minecraft.wooden_door":3,"stat.useItem.minecraft.boat":2,"stat.mineBlock.minecraft.leaves":15,"stat.pickup.minecraft.torch":14,"stat.sneakTime":5937,"stat.pickup.minecraft.wool":3,"stat.mineBlock.minecraft.stone":269,"stat.useItem.minecraft.sandstone":5,"stat.pickup.minecraft.chest":1}