{"stats":{"minecraft:custom":{"minecraft:time_since_rest":50063,"minecraft:sprint_one_cm":31,"minecraft:damage_taken":270,"minecraft:walk_one_cm":65108,"minecraft:drop":2,"minecraft:swim_one_cm":5549,"minecraft:interact_with_crafting_table":17,"minecraft:fly_one_cm":324,"minecraft:open_chest":44,"minecraft:play_one_minute":63052,"minecraft:crouch_one_cm":41365,"minecraft:deaths":1,"minecraft:sneak_time":15874,"minecraft:walk_under_water_one_cm":19402,"minecraft:jump":158,"minecraft:leave_game":2,"minecraft:time_since_death":49975,"minecraft:walk_on_water_one_cm":9513,"minecraft:fall_one_cm":1346},"minecraft:dropped":{"minecraft:oak_log":1,"minecraft:stone_pickaxe":1},"minecraft:used":{"minecraft:wooden_axe":11,"minecraft:lava_bucket":10,"minecraft:stone_shovel":112,"minecraft:stone_pickaxe":319,"minecraft:oak_planks":6,"minecraft:wooden_pickaxe":15,"minecraft:cobblestone_slab":223,"minecraft:wooden_shovel":6,"minecraft:stone_axe":19,"minecraft:torch":4,"minecraft:wooden_sword":1,"minecraft:dirt":74,"minecraft:cobblestone":31,"minecraft:crafting_table":1,"minecraft:oak_sapling":9,"minecraft:bucket":6,"minecraft:ice":1},"minecraft:crafted":{"minecraft:oak_planks":60,"minecraft:cobblestone_slab":366,"minecraft:stone_shovel":1,"minecraft:crafting_table":1,"minecraft:stick":12,"minecraft:stone_pickaxe":3,"minecraft:stone_axe":1},"minecraft:broken":{"minecraft:stone_pickaxe":2},"minecraft:picked_up":{"minecraft:oak_slab":1,"minecraft:anvil":1,"minecraft:torch":7,"minecraft:dandelion":4,"minecraft:jungle_planks":5,"minecraft:oak_log":19,"minecraft:dirt":126,"minecraft:wheat_seeds":7,"minecraft:stone_pickaxe":1,"minecraft:cobblestone_slab":14,"minecraft:poppy":1,"minecraft:oak_sapling":9,"minecraft:oak_planks":6,"minecraft:cobblestone":299},"minecraft:mined":{"minecraft:oak_slab":1,"minecraft:oak_sapling":3,"minecraft:fire":1,"minecraft:ice":1,"minecraft:dandelion":4,"minecraft:torch":1,"minecraft:grass":34,"minecraft:grass_block":54,"minecraft:oak_log":18,"minecraft:poppy":1,"minecraft:jungle_planks":5,"minecraft:cobblestone_slab":8,"minecraft:dirt":77,"minecraft:tall_grass":5,"minecraft:cobblestone":302,"minecraft:stone":22,"minecraft:oak_planks":6,"minecraft:oak_leaves":52}},"DataVersion":2586}