{"stat.pickup.minecraft.bone":2,"stat.leaveGame":2,"stat.mineBlock.minecraft.cobblestone":6,"stat.pickup.minecraft.stone_pickaxe":5,"stat.mineBlock.minecraft.sandstone":15,"stat.swimOneCm":5271,"stat.useItem.minecraft.planks":10,"stat.craftItem.minecraft.shield":1,"stat.useItem.minecraft.dirt":12,"stat.useItem.minecraft.cookie":6,"stat.useItem.minecraft.stone_slab2":16,"stat.pickup.minecraft.sand":18,"stat.craftItem.minecraft.furnace":1,"stat.entityKilledBy.warriorvillager":2,"stat.craftItem.minecraft.stone_axe":3,"stat.craftItem.minecraft.stone_pickaxe":3,"stat.pickup.minecraft.cobblestone":417,"stat.craftItem.minecraft.stone_sword":2,"stat.flyOneCm":19424,"stat.pickup.minecraft.sandstone":15,"stat.mineBlock.minecraft.sand":15,"stat.mineBlock.minecraft.iron_ore":17,"stat.timeSinceDeath":2130,"stat.craftItem.minecraft.wooden_pickaxe":2,"stat.furnaceInteraction":7,"stat.mineBlock.minecraft.coal_ore":36,"stat.pickup.minecraft.shield":2,"stat.pickup.minecraft.beef":8,"stat.entityKilledBy.t_geomancer_pillar_bomb":1,"stat.craftItem.minecraft.stone_slab2":0,"stat.useItem.duneons.macefix":50,"stat.sprintOneCm":21892,"stat.pickup.minecraft.iron_chestplate":2,"stat.craftItem.minecraft.stick":32,"stat.mineBlock.minecraft.crafting_table":3,"stat.pickup.duneons.macefix":3,"stat.deaths":9,"stat.entityKilledBy.wild_dog":1,"stat.drop":1,"stat.pickup.minecraft.egg":1,"stat.playOneMinute":115746,"stat.mineBlock.minecraft.tallgrass":1,"stat.diveOneCm":27565,"stat.chestOpened":6,"stat.drop.minecraft.wooden_pickaxe":1,"stat.pickup.minecraft.gravel":5,"stat.pickup.minecraft.arrow":4,"stat.pickup.minecraft.stone_axe":6,"stat.jump":461,"stat.pickup.minecraft.coal":35,"stat.fallOneCm":9941,"stat.useItem.minecraft.stone_axe":77,"stat.crouchOneCm":7624,"stat.craftItem.minecraft.torch":16,"stat.craftItem.minecraft.iron_ingot":9,"stat.craftItem.minecraft.chest":2,"stat.pickup.minecraft.dirt":49,"stat.craftingTableInteraction":22,"stat.pickup.minecraft.iron_ore":27,"stat.boatOneCm":53125,"stat.pickup.minecraft.cookie":6,"stat.pickup.minecraft.wooden_pickaxe":5,"stat.pickup.minecraft.leather":4,"stat.pickup.minecraft.feather":1,"stat.damageTaken":2620,"stat.mineBlock.minecraft.torch":1,"stat.useItem.minecraft.wooden_pickaxe":64,"stat.entityKilledBy.piranha":1,"stat.pickup.minecraft.planks":95,"stat.entityKilledBy.ZombieVillager":1,"stat.mineBlock.minecraft.gravel":5,"stat.useItem.minecraft.stone_pickaxe":214,"stat.useItem.minecraft.stone_sword":61,"stat.damageDealt":5382,"stat.killEntity.Cow":4,"stat.mineBlock.minecraft.dirt":27,"stat.pickup.minecraft.boat":1,"stat.walkOneCm":126748,"stat.useItem.minecraft.torch":8,"stat.useItem.minecraft.chest":1,"stat.pickup.minecraft.stick":78,"stat.pickup.minecraft.crafting_table":6,"stat.useItem.minecraft.cobblestone":72,"stat.craftItem.minecraft.crafting_table":7,"stat.useItem.minecraft.gravel":3,"stat.killEntity.piranha":1,"stat.craftItem.minecraft.boat":2,"stat.pickup.minecraft.log":215,"stat.pickup.minecraft.stone":14,"stat.craftItem.minecraft.iron_chestplate":1,"stat.pickup.minecraft.chicken":2,"stat.pickup.minecraft.sapling":27,"stat.pickup.minecraft.wooden_door":11,"stat.pickup.minecraft.apple":4,"stat.killEntity.Skeleton":1,"stat.killEntity.wild_dog":1,"stat.craftItem.minecraft.planks":152,"stat.killEntity.t_geomancer_pillar_bomb":32,"stat.killEntity.Chicken":2,"stat.killEntity.Spider":1,"stat.pickup.minecraft.stone_sword":3,"stat.mobKills":43,"stat.mineBlock.minecraft.log":84,"stat.craftItem.minecraft.wooden_door":3,"stat.useItem.minecraft.wooden_door":3,"stat.useItem.minecraft.boat":2,"stat.mineBlock.minecraft.leaves":15,"stat.pickup.minecraft.torch":8,"stat.sneakTime":4296,"stat.mineBlock.minecraft.stone":173,"stat.useItem.minecraft.sandstone":5}