{"stat.pickup.minecraft.sand":2,"stat.walkOneCm":8799,"stat.pickup.minecraft.stick":10,"stat.leaveGame":10,"stat.useItem.minecraft.log":1,"stat.damageTaken":288,"stat.mineBlock.minecraft.yellow_flower":1,"stat.mineBlock.minecraft.log":15,"stat.pickup.minecraft.reeds":2,"stat.pickup.minecraft.log":15,"stat.flyOneCm":26,"stat.deaths":1,"stat.drop":1,"stat.pickup.minecraft.wheat_seeds":1,"stat.jump":89,"stat.swimOneCm":267,"stat.mineBlock.minecraft.leaves":11,"stat.mineBlock.minecraft.sand":2,"stat.playOneMinute":19003,"stat.fallOneCm":1585,"stat.drop.minecraft.sand":1,"stat.sneakTime":337,"stat.crouchOneCm":741,"stat.timeSinceDeath":15338,"stat.pickup.minecraft.sapling":5,"stat.pickup.minecraft.dirt":31,"stat.useItem.minecraft.dirt":7,"stat.pickup.minecraft.yellow_flower":1,"stat.mineBlock.minecraft.dirt":31,"stat.useItem.minecraft.stone_slab2":1,"stat.mineBlock.minecraft.tallgrass":3,"stat.diveOneCm":2409}