{"stats":{"minecraft:picked_up":{"minecraft:crafting_table":2,"minecraft:andesite":1,"minecraft:leather":3,"minecraft:wooden_pickaxe":2,"minecraft:shield":1,"minecraft:gunpowder":2,"minecraft:dirt":55,"minecraft:string":1,"minecraft:wooden_sword":1,"minecraft:bone":4,"minecraft:wheat_seeds":1,"minecraft:spruce_planks":88,"minecraft:beef":6,"minecraft:stone_pickaxe":5,"minecraft:iron_ore":38,"minecraft:iron_pickaxe":3,"minecraft:enchanted_golden_apple":69,"minecraft:oak_planks":63,"minecraft:stick":18,"minecraft:sweet_berries":11,"minecraft:torch":6,"minecraft:porkchop":1,"minecraft:sand":2,"minecraft:spruce_sapling":1,"minecraft:diorite":26,"minecraft:spruce_log":31,"minecraft:redstone":6,"minecraft:stone_sword":3,"minecraft:arrow":4,"minecraft:stone_axe":4,"minecraft:granite":31,"minecraft:coal":96,"minecraft:cobblestone":447},"minecraft:crafted":{"minecraft:oak_door":3,"minecraft:crafting_table":2,"minecraft:spruce_planks":116,"minecraft:wooden_pickaxe":2,"minecraft:furnace":1,"minecraft:stone_axe":1,"minecraft:air":0,"minecraft:iron_chestplate":1,"minecraft:charcoal":6,"minecraft:shield":1,"minecraft:stick":28,"minecraft:iron_ingot":7,"minecraft:stone_pickaxe":4,"minecraft:chest":3,"minecraft:iron_shovel":1,"minecraft:torch":16},"minecraft:killed":{"minecraft:pig":1,"minecraft:skeleton":1,"minecraft:cow":3},"minecraft:custom":{"minecraft:interact_with_furnace":4,"minecraft:mob_kills":6,"minecraft:interact_with_crafting_table":17,"minecraft:play_one_minute":131552,"minecraft:time_since_death":41912,"minecraft:damage_resisted":54,"minecraft:time_since_rest":41975,"minecraft:sprint_one_cm":13557,"minecraft:damage_taken":1786,"minecraft:walk_one_cm":137790,"minecraft:damage_blocked_by_shield":190,"minecraft:drop":5,"minecraft:damage_dealt":759,"minecraft:fly_one_cm":6197,"minecraft:open_chest":11,"minecraft:crouch_one_cm":5584,"minecraft:deaths":5,"minecraft:sneak_time":2075,"minecraft:walk_under_water_one_cm":381,"minecraft:jump":495,"minecraft:walk_on_water_one_cm":1323,"minecraft:fall_one_cm":9133},"minecraft:used":{"minecraft:iron_shovel":15,"minecraft:stone_pickaxe":258,"minecraft:oak_planks":2,"minecraft:shield":5,"minecraft:spruce_planks":19,"minecraft:chest":3,"minecraft:wooden_pickaxe":17,"minecraft:oak_door":2,"minecraft:torch":14,"minecraft:dirt":2,"minecraft:crafting_table":3,"minecraft:granite":13,"minecraft:iron_pickaxe":110,"minecraft:stone_axe":42,"minecraft:cobblestone":101,"minecraft:sweet_berries":4,"minecraft:furnace":1,"minecraft:andesite":1,"minecraft:enchanted_golden_apple":1},"minecraft:broken":{"minecraft:stone_pickaxe":1},"minecraft:mined":{"minecraft:spruce_planks":3,"minecraft:crafting_table":1,"minecraft:granite":29,"minecraft:grass_block":2,"minecraft:cobblestone":13,"minecraft:spruce_leaves":25,"minecraft:oak_planks":2,"minecraft:diorite":17,"minecraft:wall_torch":1,"minecraft:large_fern":4,"minecraft:iron_ore":23,"minecraft:sweet_berry_bush":5,"minecraft:fire":3,"minecraft:spruce_log":30,"minecraft:grass":1,"minecraft:coal_ore":48,"minecraft:dirt":20,"minecraft:stone":254,"minecraft:fern":1},"minecraft:killed_by":{"minecraft:skeleton":1,"minecraft:creeper":3,"minecraft:zombie":1},"minecraft:dropped":{"minecraft:sand":2,"minecraft:stone_pickaxe":1,"minecraft:iron_pickaxe":1,"minecraft:spruce_sapling":1}},"DataVersion":2578}