{"stats":{"minecraft:killed_by":{"minecraft:spider":1},"minecraft:used":{"minecraft:stone_sword":6,"minecraft:stone_pickaxe":118,"minecraft:wooden_pickaxe":7,"minecraft:chest":1,"minecraft:shield":1,"minecraft:torch":38,"minecraft:crafting_table":6,"minecraft:granite":2,"minecraft:iron_axe":13,"minecraft:iron_pickaxe":236,"minecraft:stone_axe":52,"minecraft:cobblestone":91,"minecraft:furnace":2,"minecraft:cooked_porkchop":4},"minecraft:killed":{"minecraft:pig":2,"minecraft:spider":1,"minecraft:creeper":1,"minecraft:skeleton":1,"minecraft:zombie":2},"minecraft:crafted":{"minecraft:oak_planks":112,"minecraft:crafting_table":1,"minecraft:wooden_pickaxe":1,"minecraft:iron_helmet":1,"minecraft:furnace":1,"minecraft:stone_axe":1,"minecraft:air":0,"minecraft:iron_boots":1,"minecraft:iron_chestplate":1,"minecraft:shield":1,"minecraft:iron_axe":1,"minecraft:stick":52,"minecraft:iron_ingot":31,"minecraft:iron_pickaxe":1,"minecraft:stone_pickaxe":3,"minecraft:stone_sword":1,"minecraft:chest":1,"minecraft:iron_leggings":1,"minecraft:torch":88},"minecraft:dropped":{"minecraft:oak_sapling":2,"minecraft:wooden_pickaxe":1},"minecraft:mined":{"minecraft:crafting_table":5,"minecraft:granite":6,"minecraft:emerald_ore":1,"minecraft:chest":1,"minecraft:cobblestone":20,"minecraft:diorite":2,"minecraft:wall_torch":1,"minecraft:redstone_ore":5,"minecraft:furnace":2,"minecraft:iron_ore":108,"minecraft:andesite":12,"minecraft:oak_log":28,"minecraft:coal_ore":34,"minecraft:sand":1,"minecraft:dirt":1,"minecraft:cobweb":6,"minecraft:stone":164,"minecraft:gold_ore":5,"minecraft:oak_leaves":12},"minecraft:custom":{"minecraft:interact_with_furnace":13,"minecraft:mob_kills":7,"minecraft:interact_with_crafting_table":20,"minecraft:play_one_minute":53115,"minecraft:leave_game":3,"minecraft:time_since_death":27918,"minecraft:time_since_rest":27951,"minecraft:sprint_one_cm":17777,"minecraft:damage_taken":676,"minecraft:walk_one_cm":137607,"minecraft:damage_blocked_by_shield":45,"minecraft:drop":3,"minecraft:damage_dealt":1746,"minecraft:swim_one_cm":1009,"minecraft:fly_one_cm":36440,"minecraft:open_chest":5,"minecraft:crouch_one_cm":9197,"minecraft:deaths":1,"minecraft:sneak_time":3204,"minecraft:walk_under_water_one_cm":2043,"minecraft:jump":357,"minecraft:walk_on_water_one_cm":22403,"minecraft:fall_one_cm":4692},"minecraft:picked_up":{"minecraft:crafting_table":5,"minecraft:andesite":12,"minecraft:wooden_pickaxe":1,"minecraft:oak_log":50,"minecraft:gunpowder":2,"minecraft:dirt":27,"minecraft:string":8,"minecraft:bone":2,"minecraft:iron_ingot":1,"minecraft:stone_pickaxe":1,"minecraft:iron_ore":115,"minecraft:chest":1,"minecraft:oak_planks":1,"minecraft:furnace":2,"minecraft:cooked_porkchop":5,"minecraft:torch":27,"minecraft:porkchop":10,"minecraft:sand":1,"minecraft:diorite":2,"minecraft:redstone":24,"minecraft:gold_ore":5,"minecraft:arrow":2,"minecraft:stone_axe":1,"minecraft:granite":8,"minecraft:emerald":1,"minecraft:oak_sapling":4,"minecraft:coal":64,"minecraft:cobblestone":192}},"DataVersion":2586}