{"stats":{"minecraft:used":{"minecraft:wither_skeleton_skull":3,"minecraft:command_block":2,"minecraft:wooden_pickaxe":34,"minecraft:wither_skeleton_spawn_egg":3,"minecraft:stone_axe":51,"minecraft:soul_sand":4,"minecraft:dirt":7,"minecraft:tnt":4,"minecraft:crafting_table":2,"minecraft:oak_boat":2,"minecraft:stone_pressure_plate":1},"minecraft:crafted":{"minecraft:oak_boat":1,"minecraft:oak_planks":24,"minecraft:crafting_table":2,"minecraft:stick":4,"minecraft:wooden_pickaxe":1,"minecraft:stone_axe":1},"minecraft:dropped":{"minecraft:water_bucket":1,"minecraft:dirt":1},"minecraft:mined":{"minecraft:birch_log":19,"minecraft:birch_leaves":1,"minecraft:crafting_table":1,"minecraft:grass":1,"minecraft:oak_log":32,"minecraft:stone":34,"minecraft:oak_leaves":3},"minecraft:custom":{"minecraft:time_since_rest":3928,"minecraft:sprint_one_cm":1654,"minecraft:damage_taken":560,"minecraft:walk_one_cm":46724,"minecraft:drop":2,"minecraft:damage_dealt":33,"minecraft:swim_one_cm":13865,"minecraft:interact_with_crafting_table":6,"minecraft:fly_one_cm":33019,"minecraft:crouch_one_cm":1485,"minecraft:play_one_minute":53118,"minecraft:deaths":4,"minecraft:sneak_time":704,"minecraft:walk_under_water_one_cm":12833,"minecraft:boat_one_cm":294550,"minecraft:jump":177,"minecraft:leave_game":1,"minecraft:walk_on_water_one_cm":6812,"minecraft:time_since_death":3891,"minecraft:fall_one_cm":1741},"minecraft:killed_by":{"minecraft:player":1},"minecraft:picked_up":{"minecraft:birch_log":19,"minecraft:stick":6,"minecraft:crafting_table":1,"minecraft:oak_log":32,"minecraft:diorite":5,"minecraft:netherite_leggings":1,"minecraft:dirt":19,"minecraft:acacia_planks":64,"minecraft:netherite_helmet":1,"minecraft:netherite_sword":1,"minecraft:oak_boat":1,"minecraft:oak_sapling":1,"minecraft:cobblestone":49}},"DataVersion":2578}