{"stat.walkOneCm":1701,"stat.pickup.minecraft.stick":3,"stat.leaveGame":9,"stat.damageTaken":264,"stat.mineBlock.minecraft.log":9,"stat.pickup.minecraft.log":9,"stat.deaths":1,"stat.jump":22,"stat.swimOneCm":256,"stat.mineBlock.minecraft.leaves":2,"stat.playOneMinute":11997,"stat.fallOneCm":476,"stat.sneakTime":199,"stat.crouchOneCm":151,"stat.timeSinceDeath":8332,"stat.pickup.minecraft.sapling":3,"stat.pickup.minecraft.dirt":17,"stat.mineBlock.minecraft.dirt":17,"stat.mineBlock.minecraft.tallgrass":1,"stat.diveOneCm":2238}