{"stats":{"minecraft:custom":{"minecraft:mob_kills":2,"minecraft:interact_with_crafting_table":22,"minecraft:leave_game":3,"minecraft:time_since_death":93561,"minecraft:climb_one_cm":7698,"minecraft:sprint_one_cm":95588,"minecraft:walk_one_cm":334318,"minecraft:drop":22,"minecraft:play_time":93561,"minecraft:sneak_time":5677,"minecraft:walk_under_water_one_cm":4909,"minecraft:jump":860,"minecraft:walk_on_water_one_cm":4050,"minecraft:total_world_time":93561,"minecraft:interact_with_stonecutter":4,"minecraft:sleep_in_bed":11,"minecraft:time_since_rest":24080,"minecraft:damage_taken":440,"minecraft:trigger_trapped_chest":21,"minecraft:damage_dealt":229,"minecraft:swim_one_cm":13704,"minecraft:fly_one_cm":52181,"minecraft:open_chest":22,"minecraft:crouch_one_cm":17327,"minecraft:fall_one_cm":18420},"minecraft:used":{"minecraft:red_sand":2,"minecraft:flint_and_steel":3,"minecraft:chest":4,"minecraft:tinted_glass":15,"minecraft:white_terracotta":3,"minecraft:oak_door":4,"minecraft:torch":20,"minecraft:dirt":23,"minecraft:jungle_slab":104,"minecraft:golden_shovel":99,"minecraft:oak_sapling":69,"iter_rpg:giant_spider_spawn_egg":7,"minecraft:orange_terracotta":15,"minecraft:stone_pickaxe":261,"minecraft:oak_planks":90,"minecraft:wooden_pickaxe":24,"minecraft:stonecutter":1,"minecraft:cobblestone_slab":55,"minecraft:sand":1,"minecraft:terracotta":2,"minecraft:crafting_table":3,"minecraft:white_bed":2,"minecraft:iron_pickaxe":185,"minecraft:spruce_pressure_plate":2,"minecraft:red_terracotta":6,"minecraft:stone_axe":521,"minecraft:cobblestone":162},"minecraft:mined":{"minecraft:dark_oak_planks":54,"minecraft:yellow_terracotta":2,"minecraft:white_bed":1,"minecraft:jungle_slab":20,"minecraft:sculk_vein":4,"minecraft:dark_oak_log":38,"minecraft:mangrove_roots":3,"horror_element_mod:hanging_villager":1,"minecraft:ladder":2,"minecraft:red_sand":9,"minecraft:grass_block":57,"minecraft:jungle_log":99,"minecraft:mangrove_trapdoor":3,"minecraft:moss_block":15,"horror_element_mod:atmosphere_block":2,"minecraft:sculk_catalyst":6,"horror_element_mod:villager_head":1,"minecraft:dark_oak_trapdoor":12,"minecraft:sticky_piston":2,"minecraft:fire":2,"minecraft:stripped_dark_oak_wood":2,"minecraft:dark_oak_stairs":3,"minecraft:sculk_shrieker":1,"minecraft:polished_deepslate":9,"horror_element_mod:severed_hand":1,"minecraft:pointed_dripstone":2,"minecraft:cobblestone_slab":6,"minecraft:flowering_azalea_leaves":3,"minecraft:vine":92,"minecraft:spruce_pressure_plate":2,"minecraft:deepslate_brick_stairs":30,"minecraft:azalea_leaves":6,"minecraft:bamboo":1,"minecraft:stone":152,"horror_element_mod:slashed_skull":1,"horror_element_mod:sound_block":2,"minecraft:scaffolding":1,"horror_element_mod:beheaded_body":1,"minecraft:deepslate_brick_wall":15,"minecraft:stripped_dark_oak_log":1,"minecraft:orange_terracotta":15,"minecraft:soul_lantern":4,"minecraft:crafting_table":2,"horror_element_mod:broken_light":1,"minecraft:melon":12,"minecraft:dead_bush":8,"minecraft:lightning_rod":10,"minecraft:cobblestone":53,"minecraft:tall_grass":1,"minecraft:sugar_cane":4,"minecraft:oak_planks":2,"minecraft:cracked_deepslate_bricks":37,"horror_element_mod:trapped_leg":1,"minecraft:white_terracotta":5,"minecraft:chain":12,"minecraft:red_terracotta":6,"minecraft:cactus":1,"horror_element_mod:phished_head":1,"minecraft:tinted_glass":33,"minecraft:birch_log":7,"horror_element_mod:spiked_villager":1,"minecraft:grass":20,"minecraft:cracked_deepslate_tiles":25,"minecraft:oak_log":164,"minecraft:cocoa":12,"minecraft:dripstone_block":1,"minecraft:sand":1,"minecraft:dirt":82,"minecraft:terracotta":2,"minecraft:stonecutter":2,"minecraft:oak_leaves":25,"minecraft:fern":3},"minecraft:broken":{"minecraft:golden_shovel":3,"minecraft:stone_pickaxe":1,"minecraft:stone_axe":3},"minecraft:crafted":{"minecraft:oak_door":3,"minecraft:oak_planks":564,"minecraft:stone_pickaxe":2,"minecraft:chest":4,"minecraft:crafting_table":2,"minecraft:wooden_pickaxe":1,"minecraft:golden_shovel":2,"minecraft:stone_axe":4,"minecraft:jungle_slab":252,"minecraft:air":0,"minecraft:jungle_planks":392,"minecraft:stick":56,"minecraft:iron_pickaxe":1},"minecraft:killed":{"minecraft:pig":2},"minecraft:dropped":{"minecraft:yellow_terracotta":2,"man:cassette_1safetyinstructions":2,"minecraft:chest_minecart":4,"minecraft:rail":31,"iter_rpg:giant_spider_spawn_egg":1,"minecraft:detector_rail":5,"minecraft:azalea":4,"minecraft:red_sand":7},"minecraft:picked_up":{"minecraft:cocoa_beans":26,"minecraft:crafting_table":2,"minecraft:ladder":3,"minecraft:chest_minecart":4,"minecraft:chain":12,"minecraft:polished_deepslate":9,"minecraft:dark_oak_trapdoor":10,"minecraft:sticky_piston":1,"tarotcards:the_world":1,"minecraft:red_sand":9,"minecraft:detector_rail":5,"minecraft:cobblestone_slab":6,"minecraft:azalea":4,"minecraft:jungle_sapling":6,"minecraft:tinted_glass":32,"minecraft:melon_slice":58,"minecraft:sugar_cane":12,"minecraft:spruce_pressure_plate":4,"minecraft:stick":63,"minecraft:oak_door":2,"minecraft:deepslate_brick_wall":15,"minecraft:torch":41,"minecraft:porkchop":3,"minecraft:lightning_rod":10,"minecraft:pointed_dripstone":2,"minecraft:mangrove_trapdoor":1,"minecraft:dark_oak_planks":54,"minecraft:rotten_flesh":8,"minecraft:cactus":2,"minecraft:beetroot_seeds":5,"minecraft:cracked_deepslate_bricks":37,"minecraft:stripped_dark_oak_wood":2,"minecraft:yellow_terracotta":2,"minecraft:mangrove_roots":3,"minecraft:gold_ingot":2,"minecraft:white_terracotta":4,"minecraft:deepslate_brick_stairs":30,"minecraft:glow_berries":9,"minecraft:rail":31,"minecraft:cobblestone":205,"minecraft:cracked_deepslate_tiles":25,"minecraft:birch_log":7,"minecraft:jungle_log":98,"minecraft:oak_log":160,"minecraft:dirt":138,"man:cassette_1safetyinstructions":1,"minecraft:name_tag":3,"minecraft:orange_terracotta":15,"minecraft:apple":6,"minecraft:stonecutter":2,"minecraft:wheat_seeds":2,"minecraft:iron_ingot":3,"minecraft:bamboo":12,"minecraft:moss_block":14,"minecraft:oak_planks":2,"minecraft:dark_oak_stairs":3,"minecraft:scaffolding":4,"minecraft:sand":1,"minecraft:white_bed":1,"minecraft:red_terracotta":6,"minecraft:dark_oak_log":38,"minecraft:jungle_slab":34,"minecraft:spruce_door":2,"minecraft:pumpkin_seeds":2,"minecraft:soul_lantern":8,"minecraft:bread":7,"minecraft:terracotta":2,"minecraft:oak_sapling":85,"minecraft:stripped_dark_oak_log":1,"minecraft:coal":8}},"DataVersion":3120}