{"stats":{"minecraft:dropped":{"minecraft:yellow_terracotta":2,"man:cassette_1safetyinstructions":2,"minecraft:chest_minecart":4,"minecraft:rail":31,"minecraft:wooden_axe":1,"tacz:modern_kinetic_gun":4,"iter_rpg:giant_spider_spawn_egg":1,"minecraft:detector_rail":5,"undead_revamp2:the_moonflower_spawn_egg":64,"undead_revamp2:theordure_spawn_egg":67,"minecraft:cobblestone_slab":2,"minecraft:azalea":4,"minecraft:red_sand":7,"minecraft:splash_potion":1},"minecraft:used":{"minecraft:enchanting_table":2,"minecraft:red_sand":2,"minecraft:flint_and_steel":3,"minecraft:stone_shovel":74,"minecraft:chest":4,"minecraft:tinted_glass":15,"minecraft:white_terracotta":3,"undead_revamp2:theimmortal_spawn_egg":134,"minecraft:oak_door":6,"minecraft:torch":28,"corpse_stalker:corpse_stalker_spawn_egg":2,"minecraft:dirt":23,"minecraft:jungle_slab":134,"undead_revamp2:theordure_spawn_egg":25,"minecraft:golden_shovel":99,"minecraft:wooden_axe":5,"minecraft:bookshelf":58,"minecraft:oak_sapling":69,"minecraft:furnace":1,"iter_rpg:giant_spider_spawn_egg":7,"minecraft:orange_terracotta":15,"minecraft:stone_pickaxe":261,"minecraft:oak_planks":114,"minecraft:wooden_pickaxe":24,"minecraft:stonecutter":2,"minecraft:cobblestone_slab":56,"minecraft:sand":1,"minecraft:terracotta":2,"minecraft:crafting_table":5,"minecraft:white_bed":3,"minecraft:iron_pickaxe":252,"minecraft:spruce_pressure_plate":2,"minecraft:red_terracotta":6,"minecraft:stone_axe":569,"minecraft:cobblestone":162,"minecraft:splash_potion":284},"minecraft:mined":{"minecraft:dark_oak_planks":54,"minecraft:yellow_terracotta":2,"minecraft:white_bed":2,"minecraft:oak_door":2,"minecraft:jungle_slab":29,"minecraft:sculk_vein":4,"minecraft:dark_oak_log":38,"minecraft:mangrove_roots":3,"horror_element_mod:hanging_villager":1,"minecraft:ladder":2,"minecraft:red_sand":9,"minecraft:grass_block":70,"minecraft:jungle_log":99,"minecraft:mangrove_trapdoor":3,"minecraft:moss_block":17,"horror_element_mod:atmosphere_block":2,"minecraft:sculk_catalyst":6,"horror_element_mod:villager_head":1,"minecraft:dark_oak_trapdoor":12,"minecraft:cobbled_deepslate":4,"minecraft:sticky_piston":2,"minecraft:fire":2,"minecraft:stripped_dark_oak_wood":2,"minecraft:gold_block":1,"minecraft:dark_oak_stairs":3,"horror_element_mod:severed_hand":1,"minecraft:polished_deepslate":9,"minecraft:sculk_shrieker":1,"minecraft:pointed_dripstone":2,"minecraft:cobblestone_slab":9,"minecraft:flowering_azalea_leaves":3,"minecraft:vine":92,"minecraft:spruce_pressure_plate":2,"minecraft:deepslate_brick_stairs":30,"minecraft:azalea_leaves":6,"minecraft:bamboo":1,"minecraft:stone":192,"horror_element_mod:slashed_skull":1,"horror_element_mod:sound_block":2,"minecraft:scaffolding":1,"horror_element_mod:beheaded_body":1,"minecraft:deepslate_brick_wall":15,"minecraft:stripped_dark_oak_log":1,"minecraft:orange_terracotta":15,"minecraft:soul_lantern":4,"minecraft:crafting_table":3,"horror_element_mod:broken_light":1,"minecraft:melon":12,"minecraft:dead_bush":8,"minecraft:lightning_rod":10,"minecraft:tall_grass":1,"minecraft:cobblestone":53,"minecraft:sugar_cane":4,"minecraft:oak_planks":20,"minecraft:cracked_deepslate_bricks":42,"horror_element_mod:trapped_leg":1,"minecraft:amethyst_block":1,"minecraft:white_terracotta":5,"minecraft:chain":12,"minecraft:cactus":1,"minecraft:red_terracotta":6,"horror_element_mod:phished_head":1,"minecraft:trapped_chest":1,"minecraft:tinted_glass":33,"minecraft:birch_log":7,"horror_element_mod:spiked_villager":1,"minecraft:grass":21,"minecraft:cracked_deepslate_tiles":32,"minecraft:oak_log":164,"minecraft:coal_ore":3,"minecraft:cocoa":12,"minecraft:dripstone_block":1,"minecraft:sand":1,"minecraft:dirt":142,"minecraft:terracotta":2,"minecraft:stonecutter":3,"minecraft:oak_leaves":25,"minecraft:fern":3},"minecraft:killed_by":{"minecraft:skeleton":1,"antlers:wendigo":3,"antlers:wendigomad":1},"minecraft:broken":{"minecraft:golden_shovel":3,"minecraft:stone_pickaxe":1,"minecraft:stone_axe":4,"minecraft:iron_pickaxe":1},"minecraft:picked_up":{"minecraft:cocoa_beans":26,"minecraft:crafting_table":3,"minecraft:wheat":4,"minecraft:ladder":3,"minecraft:chest_minecart":4,"undead_revamp2:theordure_spawn_egg":65,"minecraft:gold_block":1,"minecraft:chain":12,"minecraft:amethyst_block":1,"minecraft:polished_deepslate":18,"minecraft:string":5,"minecraft:dark_oak_trapdoor":10,"minecraft:sticky_piston":1,"tarotcards:the_world":1,"minecraft:red_sand":9,"minecraft:cobbled_deepslate":2,"minecraft:detector_rail":5,"minecraft:cobblestone_slab":11,"minecraft:jungle_sapling":6,"minecraft:azalea":4,"minecraft:tinted_glass":32,"minecraft:melon_slice":58,"minecraft:sugar_cane":12,"minecraft:spruce_pressure_plate":4,"minecraft:stick":92,"minecraft:oak_door":4,"minecraft:deepslate_brick_wall":30,"minecraft:torch":41,"minecraft:porkchop":3,"minecraft:lightning_rod":10,"minecraft:pointed_dripstone":2,"minecraft:mangrove_trapdoor":1,"minecraft:dark_oak_planks":54,"minecraft:rotten_flesh":24,"minecraft:arrow":4,"minecraft:cactus":2,"minecraft:beetroot_seeds":5,"minecraft:cracked_deepslate_bricks":74,"minecraft:stripped_dark_oak_wood":2,"minecraft:yellow_terracotta":2,"minecraft:mangrove_roots":3,"minecraft:gold_ingot":10,"minecraft:white_terracotta":4,"minecraft:deepslate_brick_stairs":30,"minecraft:glow_berries":9,"minecraft:rail":31,"minecraft:cobblestone":245,"minecraft:cracked_deepslate_tiles":32,"minecraft:birch_log":7,"minecraft:jungle_log":98,"minecraft:oak_log":160,"minecraft:gunpowder":2,"undead_revamp2:the_moonflower_spawn_egg":64,"minecraft:dirt":206,"man:cassette_1safetyinstructions":1,"minecraft:name_tag":3,"minecraft:orange_terracotta":15,"minecraft:bone":6,"minecraft:apple":6,"minecraft:stonecutter":3,"minecraft:wheat_seeds":2,"minecraft:iron_ingot":3,"minecraft:bamboo":12,"minecraft:moss_block":16,"minecraft:oak_planks":18,"minecraft:dark_oak_stairs":3,"minecraft:scaffolding":4,"minecraft:sand":1,"minecraft:white_bed":2,"minecraft:red_terracotta":6,"minecraft:jungle_slab":154,"minecraft:trapped_chest":1,"minecraft:dark_oak_log":38,"minecraft:spruce_door":2,"minecraft:pumpkin_seeds":2,"minecraft:slime_ball":4,"minecraft:diamond":4,"tacz:modern_kinetic_gun":4,"minecraft:soul_lantern":8,"minecraft:bread":7,"minecraft:terracotta":2,"minecraft:oak_sapling":85,"minecraft:stripped_dark_oak_log":1,"minecraft:coal":11},"minecraft:crafted":{"minecraft:oak_door":3,"minecraft:oak_planks":564,"minecraft:stone_shovel":1,"minecraft:stone_pickaxe":2,"minecraft:chest":4,"minecraft:crafting_table":2,"minecraft:wooden_pickaxe":1,"minecraft:golden_shovel":2,"minecraft:stone_axe":5,"minecraft:jungle_slab":252,"minecraft:jungle_planks":392,"minecraft:air":0,"minecraft:stick":60,"minecraft:iron_pickaxe":1,"minecraft:wooden_axe":1,"minecraft:torch":8},"minecraft:killed":{"undead_revamp2:thewolf":1,"minecraft:witch":1,"undead_revamp2:theimmortal":122,"undead_revamp2:thesmoker":2,"undead_revamp2:invisiimmortal":30,"undead_revamp2:bomber":1,"undead_revamp2:theswarmer":1,"minecraft:skeleton":5,"undead_revamp2:therod":1,"undead_revamp2:thehorrors":1,"antlers:wendigo":1,"undead_revamp2:thepregnant":1,"undead_revamp2:thespitter":1,"minecraft:pig":2,"undead_revamp2:the_moonflower":1,"undead_revamp2:thebeartamer":1,"man:manfromthefog":1,"minecraft:creeper":1,"antlers:wendigomad":1,"minecraft:zombie":3},"minecraft:custom":{"minecraft:mob_kills":214,"minecraft:interact_with_crafting_table":28,"minecraft:damage_dealt_resisted":13788,"minecraft:leave_game":6,"minecraft:time_since_death":7139,"minecraft:climb_one_cm":9871,"minecraft:sprint_one_cm":111094,"minecraft:walk_one_cm":460127,"minecraft:drop":35,"minecraft:play_time":212560,"minecraft:sneak_time":9018,"minecraft:deaths":6,"minecraft:walk_under_water_one_cm":5446,"minecraft:jump":1046,"minecraft:walk_on_water_one_cm":4156,"minecraft:enchant_item":1,"minecraft:total_world_time":212560,"minecraft:interact_with_stonecutter":4,"minecraft:sleep_in_bed":14,"minecraft:time_since_rest":7168,"minecraft:damage_taken":1827,"minecraft:trigger_trapped_chest":25,"minecraft:damage_dealt":1474,"minecraft:swim_one_cm":13704,"minecraft:fly_one_cm":500851,"minecraft:open_chest":43,"minecraft:crouch_one_cm":23443,"minecraft:fall_one_cm":20190}},"DataVersion":3120}