{"stats":{"minecraft:dropped":{"minecraft:water_bucket":4,"minecraft:clay":75,"minecraft:soul_sand":2,"minecraft:wheat_seeds":1,"minecraft:diamond_axe":1,"minecraft:nether_star":33,"minecraft:crafting_table":2,"minecraft:dark_oak_sapling":2,"minecraft:witch_spawn_egg":1,"minecraft:tube_coral_fan":4,"minecraft:honeycomb":64,"minecraft:bedrock":2,"minecraft:tropical_fish":20,"minecraft:bubble_coral_fan":6,"minecraft:elytra":1,"minecraft:grass_block":11,"minecraft:coal":4,"minecraft:stick":3,"minecraft:emerald":16,"minecraft:turtle_egg":63,"minecraft:lava_bucket":8,"minecraft:dirt":6,"minecraft:bee_spawn_egg":3,"minecraft:grass":3,"minecraft:wither_skeleton_spawn_egg":2,"minecraft:packed_ice":1,"minecraft:golden_carrot":63,"minecraft:husk_spawn_egg":2,"minecraft:snowball":3,"minecraft:map":2,"minecraft:blaze_spawn_egg":1,"minecraft:fire_charge":2,"minecraft:jungle_sapling":3,"minecraft:gold_nugget":1,"minecraft:pumpkin_pie":1,"minecraft:bone_meal":11,"minecraft:sand":64,"minecraft:tube_coral":5,"minecraft:sugar":4,"minecraft:iron_pickaxe":1,"minecraft:tropical_fish_spawn_egg":2,"minecraft:paper":61,"minecraft:bucket":5,"minecraft:spruce_sapling":2,"minecraft:beetroot_soup":1,"minecraft:redstone_block":2,"minecraft:dandelion":81,"minecraft:gold_ingot":1,"minecraft:bone":10,"minecraft:redstone":68,"minecraft:gravel":60,"minecraft:brain_coral_fan":6,"minecraft:bubble_coral":5,"minecraft:zombie_spawn_egg":1,"minecraft:kelp":2,"minecraft:soul_soil":3,"minecraft:ancient_debris":2,"minecraft:dragon_head":1,"minecraft:blaze_rod":2,"minecraft:cocoa_beans":1,"minecraft:diamond_hoe":1,"minecraft:netherite_sword":1,"minecraft:birch_sapling":2,"minecraft:obsidian":69,"minecraft:composter":1,"minecraft:rotten_flesh":91,"minecraft:wither_skeleton_skull":1,"minecraft:clay_ball":61,"minecraft:villager_spawn_egg":1,"minecraft:diamond_shovel":1,"minecraft:structure_block":1,"minecraft:beehive":1,"minecraft:azure_bluet":1,"minecraft:honey_bottle":19,"minecraft:zombified_piglin_spawn_egg":1,"minecraft:warped_planks":1,"minecraft:carrot":1,"minecraft:flint_and_steel":1,"minecraft:filled_map":5,"minecraft:diamond_sword":7,"minecraft:poppy":1,"minecraft:potato":1,"minecraft:stone":67,"minecraft:gunpowder":2,"minecraft:diamond_pickaxe":5,"minecraft:honey_block":128,"minecraft:horn_coral_fan":1,"minecraft:fire_coral_fan":1,"minecraft:fire_coral":2,"minecraft:chest":1,"minecraft:oak_sapling":4,"minecraft:acacia_sapling":2,"minecraft:bee_nest":2,"minecraft:brain_coral":6,"minecraft:basalt":65,"minecraft:sandstone":1,"minecraft:campfire":1,"minecraft:nautilus_shell":1,"minecraft:quartz":1,"minecraft:splash_potion":1,"minecraft:netherrack":1,"minecraft:firework_rocket":1},"minecraft:killed":{"minecraft:zombified_piglin":3,"minecraft:witch":7,"minecraft:wither":32,"minecraft:phantom":2,"minecraft:drowned":24,"minecraft:tropical_fish":57,"minecraft:husk":3,"minecraft:zombie":11,"minecraft:ghast":1,"minecraft:wither_skeleton":12,"minecraft:villager":6,"minecraft:blaze":7},"minecraft:used":{"minecraft:netherite_sword":18,"minecraft:polished_blackstone_brick_slab":1,"minecraft:writable_book":1,"minecraft:flint_and_steel":1,"minecraft:poppy":4,"minecraft:bone_block":22,"minecraft:chest":5,"minecraft:stone":169,"minecraft:zombie_spawn_egg":11,"minecraft:wither_skeleton_spawn_egg":12,"minecraft:grass":4,"minecraft:structure_block":63,"minecraft:netherrack":143,"minecraft:bee_spawn_egg":10,"minecraft:anvil":2,"minecraft:soul_sand":35,"minecraft:dirt":25,"minecraft:warped_wart_block":61,"minecraft:cocoa_beans":9,"minecraft:hopper":2,"minecraft:twisting_vines":7,"minecraft:bee_nest":3,"minecraft:beehive":1,"minecraft:snowball":7635,"minecraft:azure_bluet":1,"minecraft:obsidian":461,"minecraft:jungle_sapling":4,"minecraft:honey_block":15,"minecraft:lava_bucket":1,"minecraft:villager_spawn_egg":24,"minecraft:grass_block":31,"minecraft:warped_nylium":71,"minecraft:polished_blackstone_brick_stairs":10,"minecraft:tropical_fish_spawn_egg":56,"minecraft:piglin_brute_spawn_egg":11,"minecraft:blaze_spawn_egg":7,"minecraft:bedrock":56,"minecraft:basalt":104,"minecraft:honeycomb_block":4,"minecraft:golden_carrot":1,"minecraft:warped_fungus":10,"minecraft:written_book":1,"minecraft:soul_soil":22,"minecraft:drowned_spawn_egg":24,"minecraft:gold_block":2,"minecraft:zombified_piglin_spawn_egg":3,"minecraft:chiseled_polished_blackstone":3,"minecraft:zombie_horse_spawn_egg":1,"minecraft:water_bucket":135,"minecraft:warped_stem":5,"minecraft:wither_skeleton_skull":9,"minecraft:witch_spawn_egg":7,"minecraft:composter":32,"minecraft:blackstone":108,"minecraft:sandstone":559,"minecraft:redstone_block":3,"minecraft:clay":2,"minecraft:polished_blackstone_bricks":8,"minecraft:sand":370,"minecraft:crafting_table":8,"minecraft:crossbow":3,"minecraft:campfire":1,"minecraft:sponge":7,"minecraft:warped_planks":10,"minecraft:oak_log":1,"minecraft:command_block":11,"minecraft:nether_sprouts":1,"minecraft:string":13,"minecraft:pig_spawn_egg":3,"minecraft:cat_spawn_egg":1,"minecraft:crimson_nylium":13,"minecraft:fire_charge":74,"minecraft:diamond_sword":240,"minecraft:crimson_fungus":1,"minecraft:repeating_command_block":9,"minecraft:dandelion":1,"minecraft:tropical_fish_bucket":1,"minecraft:husk_spawn_egg":3,"minecraft:splash_potion":158,"minecraft:bone_meal":92},"minecraft:custom":{"minecraft:interact_with_anvil":7,"minecraft:mob_kills":186,"minecraft:inspect_hopper":3,"minecraft:interact_with_crafting_table":22,"minecraft:leave_game":112,"minecraft:time_since_death":438911,"minecraft:climb_one_cm":304,"minecraft:sprint_one_cm":34800,"minecraft:walk_one_cm":278324,"minecraft:drop":290,"minecraft:talked_to_villager":22,"minecraft:sneak_time":26077,"minecraft:deaths":6,"minecraft:walk_under_water_one_cm":33935,"minecraft:jump":2859,"minecraft:walk_on_water_one_cm":13602,"minecraft:traded_with_villager":6,"minecraft:play_one_minute":2648338,"minecraft:time_since_rest":438940,"minecraft:damage_taken":1646,"minecraft:damage_dealt":112101,"minecraft:fly_one_cm":15720675,"minecraft:pig_one_cm":3564,"minecraft:open_chest":169,"minecraft:crouch_one_cm":28422,"minecraft:aviate_one_cm":3232653,"minecraft:fall_one_cm":1681},"minecraft:crafted":{"minecraft:filled_map":6,"minecraft:clay_ball":24,"minecraft:emerald":2,"minecraft:map":2,"minecraft:kelp":1,"minecraft:clay":13,"minecraft:firework_rocket":96},"minecraft:mined":{"minecraft:grass_block":6,"minecraft:clay":2,"minecraft:grass":3,"minecraft:oak_log":1,"minecraft:dirt":4},"minecraft:picked_up":{"minecraft:bubble_coral_fan":2,"minecraft:clay_ball":49,"minecraft:fire_coral":3,"minecraft:soul_soil":2,"minecraft:blackstone":67,"minecraft:sea_pickle":1,"minecraft:gold_nugget":2,"minecraft:bubble_coral":3,"minecraft:written_book":1,"minecraft:poppy":1,"minecraft:sugar_cane":1,"minecraft:stick":3,"minecraft:fire_charge":1,"minecraft:redstone":4,"minecraft:tube_coral":1,"minecraft:horn_coral_fan":1,"minecraft:rotten_flesh":46,"minecraft:tropical_fish":137,"minecraft:pumpkin_pie":39,"minecraft:gold_ingot":1,"minecraft:fire_coral_fan":1,"minecraft:blaze_rod":7,"minecraft:obsidian":11,"minecraft:cobblestone":84,"minecraft:nautilus_shell":1,"minecraft:water_bucket":1,"minecraft:andesite":11,"minecraft:ice":1,"minecraft:oak_log":1,"minecraft:lily_pad":2,"minecraft:prismarine_bricks":146,"minecraft:ancient_debris":2,"minecraft:horn_coral":1,"minecraft:gunpowder":2,"minecraft:dirt":14,"minecraft:bone":10,"minecraft:wheat_seeds":2,"minecraft:soul_sand":2,"minecraft:brain_coral":2,"minecraft:quartz":5,"minecraft:dandelion":14,"minecraft:lava_bucket":11,"minecraft:gravel":1,"minecraft:brain_coral_fan":2,"minecraft:sand":5,"minecraft:pumpkin_seeds":1,"minecraft:sugar":4,"minecraft:tropical_fish_spawn_egg":1,"minecraft:honey_block":64,"minecraft:blue_ice":1,"minecraft:bone_meal":18,"minecraft:emerald":51,"minecraft:oak_sapling":1,"minecraft:coal":4,"minecraft:nether_star":33,"minecraft:diamond_pickaxe":2}},"DataVersion":2578}