{"stats":{"minecraft:mined":{"minecraft:grass":6,"minecraft:ice":1,"minecraft:grass_block":3},"minecraft:custom":{"minecraft:jump":15,"minecraft:open_chest":3,"minecraft:time_since_rest":6011,"minecraft:play_one_minute":6011,"minecraft:leave_game":3,"minecraft:walk_on_water_one_cm":6846,"minecraft:time_since_death":6011,"minecraft:walk_one_cm":6844},"minecraft:used":{"minecraft:ice":1,"minecraft:lava_bucket":1},"minecraft:picked_up":{"minecraft:wheat_seeds":1,"minecraft:dirt":3}},"DataVersion":2578}