{"stats":{"minecraft:crafted":{"minecraft:wooden_sword":2,"minecraft:cooked_cod":4,"minecraft:oak_door":3,"minecraft:oak_planks":220,"minecraft:fishing_rod":1,"minecraft:crafting_table":6,"minecraft:wooden_pickaxe":2,"minecraft:furnace":2,"minecraft:cooked_salmon":1,"minecraft:stone_axe":1,"minecraft:air":0,"minecraft:oak_boat":3,"minecraft:iron_chestplate":1,"minecraft:charcoal":9,"minecraft:shield":1,"minecraft:stick":40,"minecraft:iron_ingot":13,"minecraft:wooden_axe":1,"minecraft:stone_pickaxe":2,"minecraft:oak_stairs":12,"minecraft:stone_sword":1,"minecraft:acacia_planks":256,"minecraft:torch":36},"minecraft:used":{"minecraft:water_bucket":4,"minecraft:netherite_sword":27,"minecraft:stone_sword":13,"minecraft:flint_and_steel":1,"minecraft:stone_pickaxe":101,"minecraft:oak_planks":113,"minecraft:wooden_pickaxe":20,"minecraft:shield":6,"minecraft:cooked_salmon":1,"minecraft:oak_door":2,"minecraft:torch":22,"minecraft:dirt":103,"minecraft:anvil":2,"minecraft:tnt":8,"minecraft:crafting_table":6,"minecraft:wooden_axe":7,"minecraft:light_weighted_pressure_plate":2,"minecraft:potion":2,"minecraft:fire_charge":1,"minecraft:stone_axe":82,"minecraft:fishing_rod":2,"minecraft:wooden_sword":14,"minecraft:cobblestone":14,"minecraft:bow":79,"minecraft:furnace":4,"minecraft:cooked_cod":4,"minecraft:bucket":4,"minecraft:oak_boat":3,"minecraft:enchanted_golden_apple":8},"minecraft:mined":{"minecraft:kelp_plant":1,"minecraft:crafting_table":2,"minecraft:grass_block":18,"minecraft:rose_bush":1,"minecraft:oak_planks":9,"minecraft:wall_torch":1,"minecraft:furnace":2,"minecraft:iron_ore":15,"minecraft:blue_ice":2,"minecraft:grass":1,"minecraft:oak_stairs":1,"minecraft:oak_log":75,"minecraft:coal_ore":34,"minecraft:sand":1,"minecraft:dirt":20,"minecraft:packed_ice":13,"minecraft:stone":50,"minecraft:oak_leaves":10},"minecraft:killed":{"minecraft:salmon":1,"minecraft:spider":2,"minecraft:cod":4,"minecraft:skeleton":2,"minecraft:zombie":2,"minecraft:drowned":2,"minecraft:wither_skeleton":2},"minecraft:custom":{"minecraft:interact_with_furnace":27,"minecraft:interact_with_anvil":4,"minecraft:mob_kills":17,"minecraft:interact_with_crafting_table":20,"minecraft:play_one_minute":95810,"minecraft:leave_game":1,"minecraft:time_since_death":3431,"minecraft:damage_resisted":1875,"minecraft:time_since_rest":3469,"minecraft:sprint_one_cm":71975,"minecraft:damage_absorbed":982,"minecraft:damage_taken":6222,"minecraft:walk_one_cm":150373,"minecraft:damage_blocked_by_shield":480,"minecraft:damage_dealt":2950,"minecraft:swim_one_cm":283295,"minecraft:fly_one_cm":200181,"minecraft:player_kills":1,"minecraft:open_chest":6,"minecraft:crouch_one_cm":398,"minecraft:sneak_time":1204,"minecraft:deaths":12,"minecraft:walk_under_water_one_cm":56028,"minecraft:boat_one_cm":204727,"minecraft:jump":1084,"minecraft:walk_on_water_one_cm":32192,"minecraft:fish_caught":1,"minecraft:fall_one_cm":94063},"minecraft:killed_by":{"minecraft:skeleton":1,"minecraft:creeper":2,"minecraft:zombie":3},"minecraft:picked_up":{"minecraft:wooden_axe":1,"minecraft:crafting_table":2,"minecraft:iron_chestplate":1,"minecraft:andesite":1,"minecraft:water_bucket":1,"minecraft:salmon":2,"minecraft:wooden_pickaxe":4,"minecraft:oak_stairs":1,"minecraft:oak_log":95,"minecraft:shield":3,"minecraft:dirt":278,"minecraft:string":2,"minecraft:wooden_sword":5,"minecraft:bone":16,"minecraft:apple":1,"minecraft:kelp":52,"minecraft:wheat_seeds":1,"minecraft:iron_ingot":8,"minecraft:oak_boat":1,"minecraft:stone_pickaxe":9,"minecraft:iron_ore":15,"minecraft:rose_bush":1,"minecraft:oak_planks":62,"minecraft:furnace":2,"minecraft:stick":49,"minecraft:torch":45,"minecraft:stone_sword":2,"minecraft:arrow":17,"minecraft:rotten_flesh":12,"minecraft:cooked_cod":1,"minecraft:tropical_fish":1,"minecraft:stone_axe":2,"minecraft:oak_sapling":21,"minecraft:coal":160,"minecraft:cod":4,"minecraft:cobblestone":105}},"DataVersion":2578}