{"stats":{"minecraft:picked_up":{"minecraft:crafting_table":1,"minecraft:andesite":1,"minecraft:gunpowder":4,"minecraft:dirt":24,"minecraft:string":1,"minecraft:bone":5,"minecraft:spruce_planks":82,"minecraft:stone_pickaxe":3,"minecraft:iron_ore":13,"minecraft:poppy":2,"minecraft:iron_pickaxe":1,"minecraft:enchanted_golden_apple":63,"minecraft:stick":14,"minecraft:torch":16,"minecraft:diorite":11,"minecraft:spruce_log":23,"minecraft:redstone":6,"minecraft:stone_sword":1,"minecraft:arrow":5,"minecraft:rotten_flesh":2,"minecraft:stone_axe":1,"minecraft:granite":3,"minecraft:coal":50,"minecraft:cobblestone":175},"minecraft:crafted":{"minecraft:wooden_sword":1,"minecraft:crafting_table":4,"minecraft:spruce_planks":52,"minecraft:wooden_pickaxe":2,"minecraft:furnace":1,"minecraft:stone_axe":3,"minecraft:air":0,"minecraft:charcoal":2,"minecraft:stick":24,"minecraft:iron_ingot":10,"minecraft:iron_pickaxe":2,"minecraft:stone_pickaxe":2,"minecraft:wooden_axe":1,"minecraft:stone_sword":3,"minecraft:torch":4},"minecraft:killed":{"minecraft:creeper":1,"minecraft:skeleton":2,"minecraft:zombie":3},"minecraft:custom":{"minecraft:interact_with_furnace":8,"minecraft:mob_kills":6,"minecraft:interact_with_crafting_table":16,"minecraft:play_one_minute":122631,"minecraft:leave_game":2,"minecraft:time_since_death":57249,"minecraft:time_since_rest":57281,"minecraft:sprint_one_cm":33612,"minecraft:damage_taken":1770,"minecraft:walk_one_cm":129933,"minecraft:drop":7,"minecraft:damage_dealt":1536,"minecraft:fly_one_cm":16962,"minecraft:open_chest":4,"minecraft:crouch_one_cm":513,"minecraft:deaths":6,"minecraft:sneak_time":483,"minecraft:jump":633,"minecraft:fall_one_cm":13049},"minecraft:used":{"minecraft:diorite":2,"minecraft:stone_sword":28,"minecraft:stone_pickaxe":110,"minecraft:poppy":2,"minecraft:spruce_planks":12,"minecraft:wooden_pickaxe":29,"minecraft:rotten_flesh":2,"minecraft:torch":8,"minecraft:dirt":5,"minecraft:crafting_table":5,"minecraft:iron_pickaxe":5,"minecraft:stone_axe":16,"minecraft:wooden_sword":3,"minecraft:cobblestone":4,"minecraft:furnace":1,"minecraft:andesite":1},"minecraft:mined":{"minecraft:spruce_planks":5,"minecraft:crafting_table":1,"minecraft:torch":2,"minecraft:granite":1,"minecraft:grass_block":4,"minecraft:poppy":2,"minecraft:cobblestone":10,"minecraft:spruce_leaves":6,"minecraft:diorite":4,"minecraft:wall_torch":2,"minecraft:large_fern":2,"minecraft:iron_ore":9,"minecraft:spruce_log":23,"minecraft:coal_ore":24,"minecraft:dirt":17,"minecraft:stone":95,"minecraft:fern":1},"minecraft:killed_by":{"minecraft:creeper":2,"minecraft:enderman":2},"minecraft:dropped":{"minecraft:enchanted_golden_apple":6,"minecraft:stick":1}},"DataVersion":2578}