{
    "display":
    {
        "icon": {"item": "minecraft:diamond_chestplate"},
        "title": {"translate": "Cover Me With Diamonds"},
        "description": {"translate": "Diamond armor saves lives."}
    },
    "parent": "skyblock:end/diamond",
    "criteria":
    {
        "diamond_helmet":
        {
            "trigger": "minecraft:inventory_changed",
            "conditions": {"items": [{"item": "minecraft:diamond_helmet"}]}
        },
        "diamond_chestplate":
        {
            "trigger": "minecraft:inventory_changed",
            "conditions": {"items": [{"item": "minecraft:diamond_chestplate"}]}
        },
        "diamond_leggings":
        {
            "trigger": "minecraft:inventory_changed",
            "conditions": {"items": [{"item": "minecraft:diamond_leggings"}]}
        },
        "diamond_boots":
        {
            "trigger": "minecraft:inventory_changed",
            "conditions": {"items": [{"item": "minecraft:diamond_boots"}]}
        }
    },
    "requirements": [["diamond_helmet","diamond_chestplate","diamond_leggings","diamond_boots"]]
}
