{
	"display": {
		"icon": {
			"item": "minecraft:diamond_pickaxe"
		},
		"title": {
			"translate": "Diamond Tools"
		},
		"description": {
			"translate": "Get every diamond tool."
		},
		"frame": "challenge"
	},
	"parent": "skyblock:end/diamond",
	"criteria": {
		"diamond_sword": {
			"trigger": "minecraft:inventory_changed",
			"conditions": {
				"items": [{
					"item": "minecraft:diamond_sword",
					"count": 1
				}]
			}
		},
		"diamond_pick": {
			"trigger": "minecraft:inventory_changed",
			"conditions": {
				"items": [{
					"item": "minecraft:diamond_pickaxe",
					"count": 1
				}]
			}
		},
		"diamond_axe": {
			"trigger": "minecraft:inventory_changed",
			"conditions": {
				"items": [{
					"item": "minecraft:diamond_axe",
					"count": 1
				}]
			}
		},
		"diamond_shovel": {
			"trigger": "minecraft:inventory_changed",
			"conditions": {
				"items": [{
					"item": "minecraft:diamond_shovel",
					"count": 1
				}]
			}
		},
		"diamond_hoe": {
			"trigger": "minecraft:inventory_changed",
			"conditions": {
				"items": [{
					"item": "minecraft:diamond_hoe",
					"count": 1
				}]
			}
		}
	}
}