{
    "pools": [
        {
            "rolls": 1,
            "entries": [
                {
                    "type": "item",
                    "name": "minecraft:tropical_fish",
                    "weight": 1,
                    "functions":
		    [
                        {
                            "function": "set_count",
                            "count": {
                                "min": 1,
                                "max": 1
                            }
                        },
                        {
                            "function": "looting_enchant",
                            "count": {
                                "min": 1,
                                "max": 1
                            }
                        }
                    ]
                }
            ]
        },
	{

	    "rolls": 1,
            "entries": [
                {
                    "type": "item",
                    "name": "minecraft:tube_coral",
                    "weight": 1
                },
                {
                    "type": "item",
                    "name": "minecraft:tube_coral_fan",
                    "weight": 1
                },
                 {
                    "type": "item",
                    "name": "minecraft:brain_coral",
                    "weight": 1
                },
                {
                    "type": "item",
                    "name": "minecraft:brain_coral_fan",
                    "weight": 1
                },
		 {
                    "type": "item",
                    "name": "minecraft:bubble_coral",
                    "weight": 1
                },
                {
                    "type": "item",
                    "name": "minecraft:bubble_coral_fan",
                    "weight": 1
                },
		 {
                    "type": "item",
                    "name": "minecraft:fire_coral",
                    "weight": 1
                },
                {
                    "type": "item",
                    "name": "minecraft:fire_coral_fan",
                    "weight": 1
                },
		 {
                    "type": "item",
                    "name": "minecraft:horn_coral",
                    "weight": 1
                },
                {
                    "type": "item",
                    "name": "minecraft:horn_coral_fan",
                    "weight": 1
                }
            ],
            "conditions": [
                {
                    "condition": "random_chance",
                    "chance": 0.5
                }
            ]
        }
    ]
}
